run_id,version,artifact_version,suite,case_id,is_multiturn,case_failure_type,observed_mismatch,expected_tool,actual_tool,passed,routing_correct,args_correct,failures
v0_B_base_openrouter_20260602T123918516739,v0,v0+pf0c107a9d7a1+t011c271ef0bb,base,R01_user_tweets_routing,False,wrong_tool,,timeline,timeline,True,True,True,
v0_B_base_openrouter_20260602T123918516739,v0,v0+pf0c107a9d7a1+t011c271ef0bb,base,R02_search_tweets_routing,False,wrong_tool,,social_search,social_search,True,True,True,
v0_B_base_openrouter_20260602T123918516739,v0,v0+pf0c107a9d7a1+t011c271ef0bb,base,R03_web_news_routing,False,wrong_tool,,lookup,lookup,True,True,True,
v0_B_base_openrouter_20260602T123918516739,v0,v0+pf0c107a9d7a1+t011c271ef0bb,base,R04_read_url_routing,False,wrong_tool,,fetch,fetch,True,True,True,
v0_B_base_openrouter_20260602T123918516739,v0,v0+pf0c107a9d7a1+t011c271ef0bb,base,R05_limit_arg,False,wrong_arg_value,,timeline,timeline,True,True,True,
v0_B_base_openrouter_20260602T123918516739,v0,v0+pf0c107a9d7a1+t011c271ef0bb,base,R06_timeframe_arg,False,wrong_arg_value,,lookup,lookup,True,True,True,
v0_B_base_openrouter_20260602T123918516739,v0,v0+pf0c107a9d7a1+t011c271ef0bb,base,R07_search_type_arg,False,wrong_arg_value,,social_search,social_search,True,True,True,
v0_B_base_openrouter_20260602T123918516739,v0,v0+pf0c107a9d7a1+t011c271ef0bb,base,R08_out_of_scope,False,out_of_scope,unexpected_tool_call,no_tool,send,False,False,False,expected no tool call
v0_B_base_openrouter_20260602T123918516739,v0,v0+pf0c107a9d7a1+t011c271ef0bb,base,R09_no_tool_capability,False,unnecessary_tool,,no_tool,,True,True,True,
v0_B_base_openrouter_20260602T123918516739,v0,v0+pf0c107a9d7a1+t011c271ef0bb,base,R10_missing_handle,False,missing_info,missing_tool_call,clarify,timeline,False,False,False,missing tool call clarify; extra tool call timeline
v0_B_base_openrouter_20260602T123918516739,v0,v0+pf0c107a9d7a1+t011c271ef0bb,base,R11_missing_url,False,missing_info,missing_tool_call,clarify,fetch,False,False,False,missing tool call clarify; extra tool call fetch
v0_B_base_openrouter_20260602T123918516739,v0,v0+pf0c107a9d7a1+t011c271ef0bb,base,R12_confirm_before_send,False,wrong_boundary,missing_tool_call,clarify,send,False,False,False,missing tool call clarify; extra tool call send
v0_B_base_openrouter_20260602T123918516739,v0,v0+pf0c107a9d7a1+t011c271ef0bb,base,R13_parallel_web_and_tweets,False,wrong_tool,wrong_arg_value,lookup|social_search,lookup|social_search,False,True,False,"query: expected 'AI', got 'AI news'; topic: expected 'news', got None"
v0_B_base_openrouter_20260602T123918516739,v0,v0+pf0c107a9d7a1+t011c271ef0bb,base,R14_out_of_scope_coding,False,out_of_scope,unexpected_tool_call,no_tool,send,False,False,False,expected no tool call
v0_B_base_openrouter_20260602T123918516739,v0,v0+pf0c107a9d7a1+t011c271ef0bb,base,M01_clarify_then_fill,True,missing_info,,timeline,timeline,True,True,True,
v0_B_base_openrouter_20260602T123918516739,v0,v0+pf0c107a9d7a1+t011c271ef0bb,base,M02_carryover_timeframe,True,wrong_arg_value,,lookup,lookup,True,True,True,
v0_B_base_openrouter_20260602T123918516739,v0,v0+pf0c107a9d7a1+t011c271ef0bb,base,M03_correction_handle,True,wrong_arg_value,,timeline,timeline,True,True,True,
v0_B_base_openrouter_20260602T123918516739,v0,v0+pf0c107a9d7a1+t011c271ef0bb,base,M04_clarify_then_url,True,missing_info,,fetch,fetch,True,True,True,
v0_B_base_openrouter_20260602T123918516739,v0,v0+pf0c107a9d7a1+t011c271ef0bb,base,M05_correction_limit,True,wrong_arg_value,,timeline,timeline,True,True,True,
v0_B_base_openrouter_20260602T123918516739,v0,v0+pf0c107a9d7a1+t011c271ef0bb,base,M06_switch_tool,True,wrong_tool,,lookup,lookup,True,True,True,
v1_B_base_openrouter_20260602T124128753966,v1,v1+pdf684e5aef5a+t011c271ef0bb,base,R01_user_tweets_routing,False,wrong_tool,,timeline,timeline,True,True,True,
v1_B_base_openrouter_20260602T124128753966,v1,v1+pdf684e5aef5a+t011c271ef0bb,base,R02_search_tweets_routing,False,wrong_tool,,social_search,social_search,True,True,True,
v1_B_base_openrouter_20260602T124128753966,v1,v1+pdf684e5aef5a+t011c271ef0bb,base,R03_web_news_routing,False,wrong_tool,,lookup,lookup,True,True,True,
v1_B_base_openrouter_20260602T124128753966,v1,v1+pdf684e5aef5a+t011c271ef0bb,base,R04_read_url_routing,False,wrong_tool,,fetch,fetch,True,True,True,
v1_B_base_openrouter_20260602T124128753966,v1,v1+pdf684e5aef5a+t011c271ef0bb,base,R05_limit_arg,False,wrong_arg_value,,timeline,timeline,True,True,True,
v1_B_base_openrouter_20260602T124128753966,v1,v1+pdf684e5aef5a+t011c271ef0bb,base,R06_timeframe_arg,False,wrong_arg_value,,lookup,lookup,True,True,True,
v1_B_base_openrouter_20260602T124128753966,v1,v1+pdf684e5aef5a+t011c271ef0bb,base,R07_search_type_arg,False,wrong_arg_value,,social_search,social_search,True,True,True,
v1_B_base_openrouter_20260602T124128753966,v1,v1+pdf684e5aef5a+t011c271ef0bb,base,R08_out_of_scope,False,out_of_scope,,no_tool,,True,True,True,
v1_B_base_openrouter_20260602T124128753966,v1,v1+pdf684e5aef5a+t011c271ef0bb,base,R09_no_tool_capability,False,unnecessary_tool,,no_tool,,True,True,True,
v1_B_base_openrouter_20260602T124128753966,v1,v1+pdf684e5aef5a+t011c271ef0bb,base,R10_missing_handle,False,missing_info,,clarify,clarify,True,True,True,
v1_B_base_openrouter_20260602T124128753966,v1,v1+pdf684e5aef5a+t011c271ef0bb,base,R11_missing_url,False,missing_info,,clarify,clarify,True,True,True,
v1_B_base_openrouter_20260602T124128753966,v1,v1+pdf684e5aef5a+t011c271ef0bb,base,R12_confirm_before_send,False,wrong_boundary,,clarify,clarify,True,True,True,
v1_B_base_openrouter_20260602T124128753966,v1,v1+pdf684e5aef5a+t011c271ef0bb,base,R13_parallel_web_and_tweets,False,wrong_tool,,lookup|social_search,lookup|social_search,True,True,True,
v1_B_base_openrouter_20260602T124128753966,v1,v1+pdf684e5aef5a+t011c271ef0bb,base,R14_out_of_scope_coding,False,out_of_scope,,no_tool,,True,True,True,
v1_B_base_openrouter_20260602T124128753966,v1,v1+pdf684e5aef5a+t011c271ef0bb,base,M01_clarify_then_fill,True,missing_info,,timeline,timeline,True,True,True,
v1_B_base_openrouter_20260602T124128753966,v1,v1+pdf684e5aef5a+t011c271ef0bb,base,M02_carryover_timeframe,True,wrong_arg_value,,lookup,lookup,True,True,True,
v1_B_base_openrouter_20260602T124128753966,v1,v1+pdf684e5aef5a+t011c271ef0bb,base,M03_correction_handle,True,wrong_arg_value,,timeline,timeline,True,True,True,
v1_B_base_openrouter_20260602T124128753966,v1,v1+pdf684e5aef5a+t011c271ef0bb,base,M04_clarify_then_url,True,missing_info,,fetch,fetch,True,True,True,
v1_B_base_openrouter_20260602T124128753966,v1,v1+pdf684e5aef5a+t011c271ef0bb,base,M05_correction_limit,True,wrong_arg_value,,timeline,timeline,True,True,True,
v1_B_base_openrouter_20260602T124128753966,v1,v1+pdf684e5aef5a+t011c271ef0bb,base,M06_switch_tool,True,wrong_tool,extra_tool_call,lookup,lookup|social_search,False,False,False,extra tool call social_search
v2_B_base_openrouter_20260602T124352352111,v2,v2+pdf684e5aef5a+ta63bd15a50ed,base,R01_user_tweets_routing,False,wrong_tool,,timeline,timeline,True,True,True,
v2_B_base_openrouter_20260602T124352352111,v2,v2+pdf684e5aef5a+ta63bd15a50ed,base,R02_search_tweets_routing,False,wrong_tool,,social_search,social_search,True,True,True,
v2_B_base_openrouter_20260602T124352352111,v2,v2+pdf684e5aef5a+ta63bd15a50ed,base,R03_web_news_routing,False,wrong_tool,,lookup,lookup,True,True,True,
v2_B_base_openrouter_20260602T124352352111,v2,v2+pdf684e5aef5a+ta63bd15a50ed,base,R04_read_url_routing,False,wrong_tool,,fetch,fetch,True,True,True,
v2_B_base_openrouter_20260602T124352352111,v2,v2+pdf684e5aef5a+ta63bd15a50ed,base,R05_limit_arg,False,wrong_arg_value,,timeline,timeline,True,True,True,
v2_B_base_openrouter_20260602T124352352111,v2,v2+pdf684e5aef5a+ta63bd15a50ed,base,R06_timeframe_arg,False,wrong_arg_value,,lookup,lookup,True,True,True,
v2_B_base_openrouter_20260602T124352352111,v2,v2+pdf684e5aef5a+ta63bd15a50ed,base,R07_search_type_arg,False,wrong_arg_value,,social_search,social_search,True,True,True,
v2_B_base_openrouter_20260602T124352352111,v2,v2+pdf684e5aef5a+ta63bd15a50ed,base,R08_out_of_scope,False,out_of_scope,,no_tool,,True,True,True,
v2_B_base_openrouter_20260602T124352352111,v2,v2+pdf684e5aef5a+ta63bd15a50ed,base,R09_no_tool_capability,False,unnecessary_tool,,no_tool,,True,True,True,
v2_B_base_openrouter_20260602T124352352111,v2,v2+pdf684e5aef5a+ta63bd15a50ed,base,R10_missing_handle,False,missing_info,,clarify,clarify,True,True,True,
v2_B_base_openrouter_20260602T124352352111,v2,v2+pdf684e5aef5a+ta63bd15a50ed,base,R11_missing_url,False,missing_info,wrong_arg_value,clarify,clarify,False,True,False,"response_type: expected 'text', got None"
v2_B_base_openrouter_20260602T124352352111,v2,v2+pdf684e5aef5a+ta63bd15a50ed,base,R12_confirm_before_send,False,wrong_boundary,,clarify,clarify,True,True,True,
v2_B_base_openrouter_20260602T124352352111,v2,v2+pdf684e5aef5a+ta63bd15a50ed,base,R13_parallel_web_and_tweets,False,wrong_tool,,lookup|social_search,lookup|social_search,True,True,True,
v2_B_base_openrouter_20260602T124352352111,v2,v2+pdf684e5aef5a+ta63bd15a50ed,base,R14_out_of_scope_coding,False,out_of_scope,,no_tool,,True,True,True,
v2_B_base_openrouter_20260602T124352352111,v2,v2+pdf684e5aef5a+ta63bd15a50ed,base,M01_clarify_then_fill,True,missing_info,,timeline,timeline,True,True,True,
v2_B_base_openrouter_20260602T124352352111,v2,v2+pdf684e5aef5a+ta63bd15a50ed,base,M02_carryover_timeframe,True,wrong_arg_value,,lookup,lookup,True,True,True,
v2_B_base_openrouter_20260602T124352352111,v2,v2+pdf684e5aef5a+ta63bd15a50ed,base,M03_correction_handle,True,wrong_arg_value,,timeline,timeline,True,True,True,
v2_B_base_openrouter_20260602T124352352111,v2,v2+pdf684e5aef5a+ta63bd15a50ed,base,M04_clarify_then_url,True,missing_info,,fetch,fetch,True,True,True,
v2_B_base_openrouter_20260602T124352352111,v2,v2+pdf684e5aef5a+ta63bd15a50ed,base,M05_correction_limit,True,wrong_arg_value,,timeline,timeline,True,True,True,
v2_B_base_openrouter_20260602T124352352111,v2,v2+pdf684e5aef5a+ta63bd15a50ed,base,M06_switch_tool,True,wrong_tool,extra_tool_call,lookup,lookup|social_search,False,False,False,extra tool call social_search
v3_B_base_openrouter_20260602T124625444474,v3,v3+p63cd8d7af762+td63baf48c41b,base,R01_user_tweets_routing,False,wrong_tool,,timeline,timeline,True,True,True,
v3_B_base_openrouter_20260602T124625444474,v3,v3+p63cd8d7af762+td63baf48c41b,base,R02_search_tweets_routing,False,wrong_tool,,social_search,social_search,True,True,True,
v3_B_base_openrouter_20260602T124625444474,v3,v3+p63cd8d7af762+td63baf48c41b,base,R03_web_news_routing,False,wrong_tool,,lookup,lookup,True,True,True,
v3_B_base_openrouter_20260602T124625444474,v3,v3+p63cd8d7af762+td63baf48c41b,base,R04_read_url_routing,False,wrong_tool,,fetch,fetch,True,True,True,
v3_B_base_openrouter_20260602T124625444474,v3,v3+p63cd8d7af762+td63baf48c41b,base,R05_limit_arg,False,wrong_arg_value,,timeline,timeline,True,True,True,
v3_B_base_openrouter_20260602T124625444474,v3,v3+p63cd8d7af762+td63baf48c41b,base,R06_timeframe_arg,False,wrong_arg_value,,lookup,lookup,True,True,True,
v3_B_base_openrouter_20260602T124625444474,v3,v3+p63cd8d7af762+td63baf48c41b,base,R07_search_type_arg,False,wrong_arg_value,,social_search,social_search,True,True,True,
v3_B_base_openrouter_20260602T124625444474,v3,v3+p63cd8d7af762+td63baf48c41b,base,R08_out_of_scope,False,out_of_scope,,no_tool,,True,True,True,
v3_B_base_openrouter_20260602T124625444474,v3,v3+p63cd8d7af762+td63baf48c41b,base,R09_no_tool_capability,False,unnecessary_tool,,no_tool,,True,True,True,
v3_B_base_openrouter_20260602T124625444474,v3,v3+p63cd8d7af762+td63baf48c41b,base,R10_missing_handle,False,missing_info,,clarify,clarify,True,True,True,
v3_B_base_openrouter_20260602T124625444474,v3,v3+p63cd8d7af762+td63baf48c41b,base,R11_missing_url,False,missing_info,,clarify,clarify,True,True,True,
v3_B_base_openrouter_20260602T124625444474,v3,v3+p63cd8d7af762+td63baf48c41b,base,R12_confirm_before_send,False,wrong_boundary,,clarify,clarify,True,True,True,
v3_B_base_openrouter_20260602T124625444474,v3,v3+p63cd8d7af762+td63baf48c41b,base,R13_parallel_web_and_tweets,False,wrong_tool,,lookup|social_search,lookup|social_search,True,True,True,
v3_B_base_openrouter_20260602T124625444474,v3,v3+p63cd8d7af762+td63baf48c41b,base,R14_out_of_scope_coding,False,out_of_scope,,no_tool,,True,True,True,
v3_B_base_openrouter_20260602T124625444474,v3,v3+p63cd8d7af762+td63baf48c41b,base,M01_clarify_then_fill,True,missing_info,,timeline,timeline,True,True,True,
v3_B_base_openrouter_20260602T124625444474,v3,v3+p63cd8d7af762+td63baf48c41b,base,M02_carryover_timeframe,True,wrong_arg_value,,lookup,lookup,True,True,True,
v3_B_base_openrouter_20260602T124625444474,v3,v3+p63cd8d7af762+td63baf48c41b,base,M03_correction_handle,True,wrong_arg_value,,timeline,timeline,True,True,True,
v3_B_base_openrouter_20260602T124625444474,v3,v3+p63cd8d7af762+td63baf48c41b,base,M04_clarify_then_url,True,missing_info,,fetch,fetch,True,True,True,
v3_B_base_openrouter_20260602T124625444474,v3,v3+p63cd8d7af762+td63baf48c41b,base,M05_correction_limit,True,wrong_arg_value,,timeline,timeline,True,True,True,
v3_B_base_openrouter_20260602T124625444474,v3,v3+p63cd8d7af762+td63baf48c41b,base,M06_switch_tool,True,wrong_tool,,lookup,lookup,True,True,True,
v3_B_base_openrouter_20260602T125002956748,v3,v3+p5b1b52870afd+t3f4d372d91e5,base,R01_user_tweets_routing,False,wrong_tool,,timeline,timeline,True,True,True,
v3_B_base_openrouter_20260602T125002956748,v3,v3+p5b1b52870afd+t3f4d372d91e5,base,R02_search_tweets_routing,False,wrong_tool,,social_search,social_search,True,True,True,
v3_B_base_openrouter_20260602T125002956748,v3,v3+p5b1b52870afd+t3f4d372d91e5,base,R03_web_news_routing,False,wrong_tool,,lookup,lookup,True,True,True,
v3_B_base_openrouter_20260602T125002956748,v3,v3+p5b1b52870afd+t3f4d372d91e5,base,R04_read_url_routing,False,wrong_tool,,fetch,fetch,True,True,True,
v3_B_base_openrouter_20260602T125002956748,v3,v3+p5b1b52870afd+t3f4d372d91e5,base,R05_limit_arg,False,wrong_arg_value,,timeline,timeline,True,True,True,
v3_B_base_openrouter_20260602T125002956748,v3,v3+p5b1b52870afd+t3f4d372d91e5,base,R06_timeframe_arg,False,wrong_arg_value,,lookup,lookup,True,True,True,
v3_B_base_openrouter_20260602T125002956748,v3,v3+p5b1b52870afd+t3f4d372d91e5,base,R07_search_type_arg,False,wrong_arg_value,,social_search,social_search,True,True,True,
v3_B_base_openrouter_20260602T125002956748,v3,v3+p5b1b52870afd+t3f4d372d91e5,base,R08_out_of_scope,False,out_of_scope,,no_tool,,True,True,True,
v3_B_base_openrouter_20260602T125002956748,v3,v3+p5b1b52870afd+t3f4d372d91e5,base,R09_no_tool_capability,False,unnecessary_tool,,no_tool,,True,True,True,
v3_B_base_openrouter_20260602T125002956748,v3,v3+p5b1b52870afd+t3f4d372d91e5,base,R10_missing_handle,False,missing_info,,clarify,clarify,True,True,True,
v3_B_base_openrouter_20260602T125002956748,v3,v3+p5b1b52870afd+t3f4d372d91e5,base,R11_missing_url,False,missing_info,,clarify,clarify,True,True,True,
v3_B_base_openrouter_20260602T125002956748,v3,v3+p5b1b52870afd+t3f4d372d91e5,base,R12_confirm_before_send,False,wrong_boundary,,clarify,clarify,True,True,True,
v3_B_base_openrouter_20260602T125002956748,v3,v3+p5b1b52870afd+t3f4d372d91e5,base,R13_parallel_web_and_tweets,False,wrong_tool,,lookup|social_search,lookup|social_search,True,True,True,
v3_B_base_openrouter_20260602T125002956748,v3,v3+p5b1b52870afd+t3f4d372d91e5,base,R14_out_of_scope_coding,False,out_of_scope,,no_tool,,True,True,True,
v3_B_base_openrouter_20260602T125002956748,v3,v3+p5b1b52870afd+t3f4d372d91e5,base,M01_clarify_then_fill,True,missing_info,,timeline,timeline,True,True,True,
v3_B_base_openrouter_20260602T125002956748,v3,v3+p5b1b52870afd+t3f4d372d91e5,base,M02_carryover_timeframe,True,wrong_arg_value,,lookup,lookup,True,True,True,
v3_B_base_openrouter_20260602T125002956748,v3,v3+p5b1b52870afd+t3f4d372d91e5,base,M03_correction_handle,True,wrong_arg_value,,timeline,timeline,True,True,True,
v3_B_base_openrouter_20260602T125002956748,v3,v3+p5b1b52870afd+t3f4d372d91e5,base,M04_clarify_then_url,True,missing_info,,fetch,fetch,True,True,True,
v3_B_base_openrouter_20260602T125002956748,v3,v3+p5b1b52870afd+t3f4d372d91e5,base,M05_correction_limit,True,wrong_arg_value,,timeline,timeline,True,True,True,
v3_B_base_openrouter_20260602T125002956748,v3,v3+p5b1b52870afd+t3f4d372d91e5,base,M06_switch_tool,True,wrong_tool,,lookup,lookup,True,True,True,
v3_B_base_openrouter_20260602T125316877277,v3,v3+pede98d896041+t3f4d372d91e5,base,R01_user_tweets_routing,False,wrong_tool,,timeline,timeline,True,True,True,
v3_B_base_openrouter_20260602T125316877277,v3,v3+pede98d896041+t3f4d372d91e5,base,R02_search_tweets_routing,False,wrong_tool,,social_search,social_search,True,True,True,
v3_B_base_openrouter_20260602T125316877277,v3,v3+pede98d896041+t3f4d372d91e5,base,R03_web_news_routing,False,wrong_tool,,lookup,lookup,True,True,True,
v3_B_base_openrouter_20260602T125316877277,v3,v3+pede98d896041+t3f4d372d91e5,base,R04_read_url_routing,False,wrong_tool,,fetch,fetch,True,True,True,
v3_B_base_openrouter_20260602T125316877277,v3,v3+pede98d896041+t3f4d372d91e5,base,R05_limit_arg,False,wrong_arg_value,,timeline,timeline,True,True,True,
v3_B_base_openrouter_20260602T125316877277,v3,v3+pede98d896041+t3f4d372d91e5,base,R06_timeframe_arg,False,wrong_arg_value,,lookup,lookup,True,True,True,
v3_B_base_openrouter_20260602T125316877277,v3,v3+pede98d896041+t3f4d372d91e5,base,R07_search_type_arg,False,wrong_arg_value,,social_search,social_search,True,True,True,
v3_B_base_openrouter_20260602T125316877277,v3,v3+pede98d896041+t3f4d372d91e5,base,R08_out_of_scope,False,out_of_scope,,no_tool,,True,True,True,
v3_B_base_openrouter_20260602T125316877277,v3,v3+pede98d896041+t3f4d372d91e5,base,R09_no_tool_capability,False,unnecessary_tool,,no_tool,,True,True,True,
v3_B_base_openrouter_20260602T125316877277,v3,v3+pede98d896041+t3f4d372d91e5,base,R10_missing_handle,False,missing_info,,clarify,clarify,True,True,True,
v3_B_base_openrouter_20260602T125316877277,v3,v3+pede98d896041+t3f4d372d91e5,base,R11_missing_url,False,missing_info,,clarify,clarify,True,True,True,
v3_B_base_openrouter_20260602T125316877277,v3,v3+pede98d896041+t3f4d372d91e5,base,R12_confirm_before_send,False,wrong_boundary,,clarify,clarify,True,True,True,
v3_B_base_openrouter_20260602T125316877277,v3,v3+pede98d896041+t3f4d372d91e5,base,R13_parallel_web_and_tweets,False,wrong_tool,,lookup|social_search,lookup|social_search,True,True,True,
v3_B_base_openrouter_20260602T125316877277,v3,v3+pede98d896041+t3f4d372d91e5,base,R14_out_of_scope_coding,False,out_of_scope,,no_tool,,True,True,True,
v3_B_base_openrouter_20260602T125316877277,v3,v3+pede98d896041+t3f4d372d91e5,base,M01_clarify_then_fill,True,missing_info,,timeline,timeline,True,True,True,
v3_B_base_openrouter_20260602T125316877277,v3,v3+pede98d896041+t3f4d372d91e5,base,M02_carryover_timeframe,True,wrong_arg_value,,lookup,lookup,True,True,True,
v3_B_base_openrouter_20260602T125316877277,v3,v3+pede98d896041+t3f4d372d91e5,base,M03_correction_handle,True,wrong_arg_value,,timeline,timeline,True,True,True,
v3_B_base_openrouter_20260602T125316877277,v3,v3+pede98d896041+t3f4d372d91e5,base,M04_clarify_then_url,True,missing_info,,fetch,fetch,True,True,True,
v3_B_base_openrouter_20260602T125316877277,v3,v3+pede98d896041+t3f4d372d91e5,base,M05_correction_limit,True,wrong_arg_value,,timeline,timeline,True,True,True,
v3_B_base_openrouter_20260602T125316877277,v3,v3+pede98d896041+t3f4d372d91e5,base,M06_switch_tool,True,wrong_tool,,lookup,lookup,True,True,True,
v3_B_base_openrouter_20260602T143007542938,v3,v3+pede98d896041+t3f4d372d91e5,base,R01_user_tweets_routing,False,wrong_tool,,timeline,timeline,True,True,True,
v3_B_base_openrouter_20260602T143007542938,v3,v3+pede98d896041+t3f4d372d91e5,base,R02_search_tweets_routing,False,wrong_tool,,social_search,social_search,True,True,True,
v3_B_base_openrouter_20260602T143007542938,v3,v3+pede98d896041+t3f4d372d91e5,base,R03_web_news_routing,False,wrong_tool,,lookup,lookup,True,True,True,
v3_B_base_openrouter_20260602T143007542938,v3,v3+pede98d896041+t3f4d372d91e5,base,R04_read_url_routing,False,wrong_tool,,fetch,fetch,True,True,True,
v3_B_base_openrouter_20260602T143007542938,v3,v3+pede98d896041+t3f4d372d91e5,base,R05_limit_arg,False,wrong_arg_value,,timeline,timeline,True,True,True,
v3_B_base_openrouter_20260602T143007542938,v3,v3+pede98d896041+t3f4d372d91e5,base,R06_timeframe_arg,False,wrong_arg_value,,lookup,lookup,True,True,True,
v3_B_base_openrouter_20260602T143007542938,v3,v3+pede98d896041+t3f4d372d91e5,base,R07_search_type_arg,False,wrong_arg_value,,social_search,social_search,True,True,True,
v3_B_base_openrouter_20260602T143007542938,v3,v3+pede98d896041+t3f4d372d91e5,base,R08_out_of_scope,False,out_of_scope,,no_tool,,True,True,True,
v3_B_base_openrouter_20260602T143007542938,v3,v3+pede98d896041+t3f4d372d91e5,base,R09_no_tool_capability,False,unnecessary_tool,,no_tool,,True,True,True,
v3_B_base_openrouter_20260602T143007542938,v3,v3+pede98d896041+t3f4d372d91e5,base,R10_missing_handle,False,missing_info,,clarify,clarify,True,True,True,
v3_B_base_openrouter_20260602T143007542938,v3,v3+pede98d896041+t3f4d372d91e5,base,R11_missing_url,False,missing_info,,clarify,clarify,True,True,True,
v3_B_base_openrouter_20260602T143007542938,v3,v3+pede98d896041+t3f4d372d91e5,base,R12_confirm_before_send,False,wrong_boundary,,clarify,clarify,True,True,True,
v3_B_base_openrouter_20260602T143007542938,v3,v3+pede98d896041+t3f4d372d91e5,base,R13_parallel_web_and_tweets,False,wrong_tool,,lookup|social_search,lookup|social_search,True,True,True,
v3_B_base_openrouter_20260602T143007542938,v3,v3+pede98d896041+t3f4d372d91e5,base,R14_out_of_scope_coding,False,out_of_scope,,no_tool,,True,True,True,
v3_B_base_openrouter_20260602T143007542938,v3,v3+pede98d896041+t3f4d372d91e5,base,M01_clarify_then_fill,True,missing_info,,timeline,timeline,True,True,True,
v3_B_base_openrouter_20260602T143007542938,v3,v3+pede98d896041+t3f4d372d91e5,base,M02_carryover_timeframe,True,wrong_arg_value,,lookup,lookup,True,True,True,
v3_B_base_openrouter_20260602T143007542938,v3,v3+pede98d896041+t3f4d372d91e5,base,M03_correction_handle,True,wrong_arg_value,,timeline,timeline,True,True,True,
v3_B_base_openrouter_20260602T143007542938,v3,v3+pede98d896041+t3f4d372d91e5,base,M04_clarify_then_url,True,missing_info,,fetch,fetch,True,True,True,
v3_B_base_openrouter_20260602T143007542938,v3,v3+pede98d896041+t3f4d372d91e5,base,M05_correction_limit,True,wrong_arg_value,,timeline,timeline,True,True,True,
v3_B_base_openrouter_20260602T143007542938,v3,v3+pede98d896041+t3f4d372d91e5,base,M06_switch_tool,True,wrong_tool,,lookup,lookup,True,True,True,
v3_B_group_openrouter_20260602T124721047225,v3,v3+p63cd8d7af762+td63baf48c41b,group,G01_social_top_limit,False,wrong_arg_value,,social_search,social_search,True,True,True,
v3_B_group_openrouter_20260602T124721047225,v3,v3+p63cd8d7af762+td63baf48c41b,group,G02_lookup_month_news,False,wrong_arg_value,,lookup,lookup,True,True,True,
v3_B_group_openrouter_20260602T124721047225,v3,v3+p63cd8d7af762+td63baf48c41b,group,G03_fetch_explicit_url,False,wrong_tool,,fetch,fetch,True,True,True,
v3_B_group_openrouter_20260602T124721047225,v3,v3+p63cd8d7af762+td63baf48c41b,group,G04_missing_url_clarify,False,missing_info,,clarify,clarify,True,True,True,
v3_B_group_openrouter_20260602T124721047225,v3,v3+p63cd8d7af762+td63baf48c41b,group,G05_query_expand_new_tool,False,wrong_tool,,query_expand,query_expand,True,True,True,
v3_B_group_openrouter_20260602T124721047225,v3,v3+p63cd8d7af762+td63baf48c41b,group,GM01_multiturn_topic_carry_time,True,wrong_arg_value,wrong_arg_value,lookup,lookup,False,True,False,"query: expected 'robotics', got 'AI'"
v3_B_group_openrouter_20260602T124721047225,v3,v3+p63cd8d7af762+td63baf48c41b,group,GM02_multiturn_correct_account,True,wrong_arg_value,extra_tool_call,timeline,timeline|timeline,False,False,False,extra tool call timeline
v3_B_group_openrouter_20260602T124721047225,v3,v3+p63cd8d7af762+td63baf48c41b,group,GM03_multiturn_send_after_confirm,True,wrong_boundary,,send,send,True,True,True,
v3_B_group_openrouter_20260602T124721047225,v3,v3+p63cd8d7af762+td63baf48c41b,group,GM04_multiturn_social_top_limit,True,wrong_arg_value,,social_search,social_search,True,True,True,
v3_B_group_openrouter_20260602T124721047225,v3,v3+p63cd8d7af762+td63baf48c41b,group,GM05_multiturn_query_expand,True,wrong_arg_value,wrong_arg_value,query_expand,query_expand,False,True,False,"topic: expected 'semiconductor supply chain', got 'chu de semiconductor supply chain'"
v3_B_group_openrouter_20260602T125038253870,v3,v3+p5b1b52870afd+t3f4d372d91e5,group,G01_social_top_limit,False,wrong_arg_value,,social_search,social_search,True,True,True,
v3_B_group_openrouter_20260602T125038253870,v3,v3+p5b1b52870afd+t3f4d372d91e5,group,G02_lookup_month_news,False,wrong_arg_value,,lookup,lookup,True,True,True,
v3_B_group_openrouter_20260602T125038253870,v3,v3+p5b1b52870afd+t3f4d372d91e5,group,G03_fetch_explicit_url,False,wrong_tool,,fetch,fetch,True,True,True,
v3_B_group_openrouter_20260602T125038253870,v3,v3+p5b1b52870afd+t3f4d372d91e5,group,G04_missing_url_clarify,False,missing_info,,clarify,clarify,True,True,True,
v3_B_group_openrouter_20260602T125038253870,v3,v3+p5b1b52870afd+t3f4d372d91e5,group,G05_query_expand_new_tool,False,wrong_tool,,query_expand,query_expand,True,True,True,
v3_B_group_openrouter_20260602T125038253870,v3,v3+p5b1b52870afd+t3f4d372d91e5,group,GM01_multiturn_topic_carry_time,True,wrong_arg_value,,lookup,lookup,True,True,True,
v3_B_group_openrouter_20260602T125038253870,v3,v3+p5b1b52870afd+t3f4d372d91e5,group,GM02_multiturn_correct_account,True,wrong_arg_value,,timeline,timeline,True,True,True,
v3_B_group_openrouter_20260602T125038253870,v3,v3+p5b1b52870afd+t3f4d372d91e5,group,GM03_multiturn_send_after_confirm,True,wrong_boundary,,send,send,True,True,True,
v3_B_group_openrouter_20260602T125038253870,v3,v3+p5b1b52870afd+t3f4d372d91e5,group,GM04_multiturn_social_top_limit,True,wrong_arg_value,,social_search,social_search,True,True,True,
v3_B_group_openrouter_20260602T125038253870,v3,v3+p5b1b52870afd+t3f4d372d91e5,group,GM05_multiturn_query_expand,True,wrong_arg_value,wrong_arg_value,query_expand,query_expand,False,True,False,"topic: expected 'semiconductor supply chain', got 'chu de semiconductor supply chain'"
v3_B_group_openrouter_20260602T125138167789,v3,v3+p5b1b52870afd+t3f4d372d91e5,group,G01_social_top_limit,False,wrong_arg_value,,social_search,social_search,True,True,True,
v3_B_group_openrouter_20260602T125138167789,v3,v3+p5b1b52870afd+t3f4d372d91e5,group,G02_lookup_month_news,False,wrong_arg_value,,lookup,lookup,True,True,True,
v3_B_group_openrouter_20260602T125138167789,v3,v3+p5b1b52870afd+t3f4d372d91e5,group,G03_fetch_explicit_url,False,wrong_tool,,fetch,fetch,True,True,True,
v3_B_group_openrouter_20260602T125138167789,v3,v3+p5b1b52870afd+t3f4d372d91e5,group,G04_missing_url_clarify,False,missing_info,,clarify,clarify,True,True,True,
v3_B_group_openrouter_20260602T125138167789,v3,v3+p5b1b52870afd+t3f4d372d91e5,group,G05_query_expand_new_tool,False,wrong_tool,,query_expand,query_expand,True,True,True,
v3_B_group_openrouter_20260602T125138167789,v3,v3+p5b1b52870afd+t3f4d372d91e5,group,GM01_multiturn_topic_carry_time,True,wrong_arg_value,,lookup,lookup,True,True,True,
v3_B_group_openrouter_20260602T125138167789,v3,v3+p5b1b52870afd+t3f4d372d91e5,group,GM02_multiturn_correct_account,True,wrong_arg_value,,timeline,timeline,True,True,True,
v3_B_group_openrouter_20260602T125138167789,v3,v3+p5b1b52870afd+t3f4d372d91e5,group,GM03_multiturn_send_after_confirm,True,wrong_boundary,,send,send,True,True,True,
v3_B_group_openrouter_20260602T125138167789,v3,v3+p5b1b52870afd+t3f4d372d91e5,group,GM04_multiturn_social_top_limit,True,wrong_arg_value,,social_search,social_search,True,True,True,
v3_B_group_openrouter_20260602T125138167789,v3,v3+p5b1b52870afd+t3f4d372d91e5,group,GM05_multiturn_query_expand,True,wrong_arg_value,wrong_arg_value,query_expand,query_expand,False,True,False,"topic: expected 'semiconductor supply chain', got 'chuỗi cung ứng bán dẫn'"
v3_B_group_openrouter_20260602T125401059534,v3,v3+pede98d896041+t3f4d372d91e5,group,G01_social_top_limit,False,wrong_arg_value,,social_search,social_search,True,True,True,
v3_B_group_openrouter_20260602T125401059534,v3,v3+pede98d896041+t3f4d372d91e5,group,G02_lookup_month_news,False,wrong_arg_value,,lookup,lookup,True,True,True,
v3_B_group_openrouter_20260602T125401059534,v3,v3+pede98d896041+t3f4d372d91e5,group,G03_fetch_explicit_url,False,wrong_tool,,fetch,fetch,True,True,True,
v3_B_group_openrouter_20260602T125401059534,v3,v3+pede98d896041+t3f4d372d91e5,group,G04_missing_url_clarify,False,missing_info,,clarify,clarify,True,True,True,
v3_B_group_openrouter_20260602T125401059534,v3,v3+pede98d896041+t3f4d372d91e5,group,G05_query_expand_new_tool,False,wrong_tool,,query_expand,query_expand,True,True,True,
v3_B_group_openrouter_20260602T125401059534,v3,v3+pede98d896041+t3f4d372d91e5,group,GM01_multiturn_topic_carry_time,True,wrong_arg_value,,lookup,lookup,True,True,True,
v3_B_group_openrouter_20260602T125401059534,v3,v3+pede98d896041+t3f4d372d91e5,group,GM02_multiturn_correct_account,True,wrong_arg_value,,timeline,timeline,True,True,True,
v3_B_group_openrouter_20260602T125401059534,v3,v3+pede98d896041+t3f4d372d91e5,group,GM03_multiturn_send_after_confirm,True,wrong_boundary,,send,send,True,True,True,
v3_B_group_openrouter_20260602T125401059534,v3,v3+pede98d896041+t3f4d372d91e5,group,GM04_multiturn_social_top_limit,True,wrong_arg_value,,social_search,social_search,True,True,True,
v3_B_group_openrouter_20260602T125401059534,v3,v3+pede98d896041+t3f4d372d91e5,group,GM05_multiturn_query_expand,True,wrong_arg_value,wrong_arg_value,query_expand,query_expand,False,True,False,"topic: expected 'semiconductor supply chain', got 'chuỗi cung ứng bán dẫn'"
v3_B_group_openrouter_20260602T125514259237,v3,v3+pede98d896041+t3f4d372d91e5,group,G01_social_top_limit,False,wrong_arg_value,,social_search,social_search,True,True,True,
v3_B_group_openrouter_20260602T125514259237,v3,v3+pede98d896041+t3f4d372d91e5,group,G02_lookup_month_news,False,wrong_arg_value,,lookup,lookup,True,True,True,
v3_B_group_openrouter_20260602T125514259237,v3,v3+pede98d896041+t3f4d372d91e5,group,G03_fetch_explicit_url,False,wrong_tool,,fetch,fetch,True,True,True,
v3_B_group_openrouter_20260602T125514259237,v3,v3+pede98d896041+t3f4d372d91e5,group,G04_missing_url_clarify,False,missing_info,,clarify,clarify,True,True,True,
v3_B_group_openrouter_20260602T125514259237,v3,v3+pede98d896041+t3f4d372d91e5,group,G05_query_expand_new_tool,False,wrong_tool,,query_expand,query_expand,True,True,True,
v3_B_group_openrouter_20260602T125514259237,v3,v3+pede98d896041+t3f4d372d91e5,group,GM01_multiturn_topic_carry_time,True,wrong_arg_value,,lookup,lookup,True,True,True,
v3_B_group_openrouter_20260602T125514259237,v3,v3+pede98d896041+t3f4d372d91e5,group,GM02_multiturn_correct_account,True,wrong_arg_value,,timeline,timeline,True,True,True,
v3_B_group_openrouter_20260602T125514259237,v3,v3+pede98d896041+t3f4d372d91e5,group,GM03_multiturn_send_after_confirm,True,wrong_boundary,,send,send,True,True,True,
v3_B_group_openrouter_20260602T125514259237,v3,v3+pede98d896041+t3f4d372d91e5,group,GM04_multiturn_social_top_limit,True,wrong_arg_value,,social_search,social_search,True,True,True,
v3_B_group_openrouter_20260602T125514259237,v3,v3+pede98d896041+t3f4d372d91e5,group,GM05_multiturn_query_expand,True,wrong_arg_value,,query_expand,query_expand,True,True,True,
v3_B_group_openrouter_20260602T143122843594,v3,v3+pede98d896041+t3f4d372d91e5,group,G01_social_top_limit,False,wrong_arg_value,,social_search,social_search,True,True,True,
v3_B_group_openrouter_20260602T143122843594,v3,v3+pede98d896041+t3f4d372d91e5,group,G02_lookup_month_news,False,wrong_arg_value,,lookup,lookup,True,True,True,
v3_B_group_openrouter_20260602T143122843594,v3,v3+pede98d896041+t3f4d372d91e5,group,G03_fetch_explicit_url,False,wrong_tool,,fetch,fetch,True,True,True,
v3_B_group_openrouter_20260602T143122843594,v3,v3+pede98d896041+t3f4d372d91e5,group,G04_missing_url_clarify,False,missing_info,,clarify,clarify,True,True,True,
v3_B_group_openrouter_20260602T143122843594,v3,v3+pede98d896041+t3f4d372d91e5,group,G05_query_expand_new_tool,False,wrong_tool,,query_expand,query_expand,True,True,True,
v3_B_group_openrouter_20260602T143122843594,v3,v3+pede98d896041+t3f4d372d91e5,group,GM01_multiturn_topic_carry_time,True,wrong_arg_value,,lookup,lookup,True,True,True,
v3_B_group_openrouter_20260602T143122843594,v3,v3+pede98d896041+t3f4d372d91e5,group,GM02_multiturn_correct_account,True,wrong_arg_value,extra_tool_call,timeline,timeline|timeline,False,False,False,extra tool call timeline
v3_B_group_openrouter_20260602T143122843594,v3,v3+pede98d896041+t3f4d372d91e5,group,GM03_multiturn_send_after_confirm,True,wrong_boundary,,send,send,True,True,True,
v3_B_group_openrouter_20260602T143122843594,v3,v3+pede98d896041+t3f4d372d91e5,group,GM04_multiturn_social_top_limit,True,wrong_arg_value,,social_search,social_search,True,True,True,
v3_B_group_openrouter_20260602T143122843594,v3,v3+pede98d896041+t3f4d372d91e5,group,GM05_multiturn_query_expand,True,wrong_arg_value,,query_expand,query_expand,True,True,True,
v4_B_base_openrouter_20260602T143713533759,v4,v4+pcd886cc9e1fc+teed70b37f4e8,base,R01_user_tweets_routing,False,wrong_tool,,timeline,timeline,True,True,True,
v4_B_base_openrouter_20260602T143713533759,v4,v4+pcd886cc9e1fc+teed70b37f4e8,base,R02_search_tweets_routing,False,wrong_tool,,social_search,social_search,True,True,True,
v4_B_base_openrouter_20260602T143713533759,v4,v4+pcd886cc9e1fc+teed70b37f4e8,base,R03_web_news_routing,False,wrong_tool,,lookup,lookup,True,True,True,
v4_B_base_openrouter_20260602T143713533759,v4,v4+pcd886cc9e1fc+teed70b37f4e8,base,R04_read_url_routing,False,wrong_tool,,fetch,fetch,True,True,True,
v4_B_base_openrouter_20260602T143713533759,v4,v4+pcd886cc9e1fc+teed70b37f4e8,base,R05_limit_arg,False,wrong_arg_value,,timeline,timeline,True,True,True,
v4_B_base_openrouter_20260602T143713533759,v4,v4+pcd886cc9e1fc+teed70b37f4e8,base,R06_timeframe_arg,False,wrong_arg_value,,lookup,lookup,True,True,True,
v4_B_base_openrouter_20260602T143713533759,v4,v4+pcd886cc9e1fc+teed70b37f4e8,base,R07_search_type_arg,False,wrong_arg_value,,social_search,social_search,True,True,True,
v4_B_base_openrouter_20260602T143713533759,v4,v4+pcd886cc9e1fc+teed70b37f4e8,base,R08_out_of_scope,False,out_of_scope,,no_tool,,True,True,True,
v4_B_base_openrouter_20260602T143713533759,v4,v4+pcd886cc9e1fc+teed70b37f4e8,base,R09_no_tool_capability,False,unnecessary_tool,,no_tool,,True,True,True,
v4_B_base_openrouter_20260602T143713533759,v4,v4+pcd886cc9e1fc+teed70b37f4e8,base,R10_missing_handle,False,missing_info,,clarify,clarify,True,True,True,
v4_B_base_openrouter_20260602T143713533759,v4,v4+pcd886cc9e1fc+teed70b37f4e8,base,R11_missing_url,False,missing_info,,clarify,clarify,True,True,True,
v4_B_base_openrouter_20260602T143713533759,v4,v4+pcd886cc9e1fc+teed70b37f4e8,base,R12_confirm_before_send,False,wrong_boundary,,clarify,clarify,True,True,True,
v4_B_base_openrouter_20260602T143713533759,v4,v4+pcd886cc9e1fc+teed70b37f4e8,base,R13_parallel_web_and_tweets,False,wrong_tool,,lookup|social_search,lookup|social_search,True,True,True,
v4_B_base_openrouter_20260602T143713533759,v4,v4+pcd886cc9e1fc+teed70b37f4e8,base,R14_out_of_scope_coding,False,out_of_scope,,no_tool,,True,True,True,
v4_B_base_openrouter_20260602T143713533759,v4,v4+pcd886cc9e1fc+teed70b37f4e8,base,M01_clarify_then_fill,True,missing_info,,timeline,timeline,True,True,True,
v4_B_base_openrouter_20260602T143713533759,v4,v4+pcd886cc9e1fc+teed70b37f4e8,base,M02_carryover_timeframe,True,wrong_arg_value,,lookup,lookup,True,True,True,
v4_B_base_openrouter_20260602T143713533759,v4,v4+pcd886cc9e1fc+teed70b37f4e8,base,M03_correction_handle,True,wrong_arg_value,,timeline,timeline,True,True,True,
v4_B_base_openrouter_20260602T143713533759,v4,v4+pcd886cc9e1fc+teed70b37f4e8,base,M04_clarify_then_url,True,missing_info,,fetch,fetch,True,True,True,
v4_B_base_openrouter_20260602T143713533759,v4,v4+pcd886cc9e1fc+teed70b37f4e8,base,M05_correction_limit,True,wrong_arg_value,,timeline,timeline,True,True,True,
v4_B_base_openrouter_20260602T143713533759,v4,v4+pcd886cc9e1fc+teed70b37f4e8,base,M06_switch_tool,True,wrong_tool,,lookup,lookup,True,True,True,
v4_B_base_openrouter_20260602T144054711764,v4,v4+p81948fcb9d2e+td7ade8db87e5,base,R01_user_tweets_routing,False,wrong_tool,,timeline,timeline,True,True,True,
v4_B_base_openrouter_20260602T144054711764,v4,v4+p81948fcb9d2e+td7ade8db87e5,base,R02_search_tweets_routing,False,wrong_tool,,social_search,social_search,True,True,True,
v4_B_base_openrouter_20260602T144054711764,v4,v4+p81948fcb9d2e+td7ade8db87e5,base,R03_web_news_routing,False,wrong_tool,,lookup,lookup,True,True,True,
v4_B_base_openrouter_20260602T144054711764,v4,v4+p81948fcb9d2e+td7ade8db87e5,base,R04_read_url_routing,False,wrong_tool,,fetch,fetch,True,True,True,
v4_B_base_openrouter_20260602T144054711764,v4,v4+p81948fcb9d2e+td7ade8db87e5,base,R05_limit_arg,False,wrong_arg_value,,timeline,timeline,True,True,True,
v4_B_base_openrouter_20260602T144054711764,v4,v4+p81948fcb9d2e+td7ade8db87e5,base,R06_timeframe_arg,False,wrong_arg_value,,lookup,lookup,True,True,True,
v4_B_base_openrouter_20260602T144054711764,v4,v4+p81948fcb9d2e+td7ade8db87e5,base,R07_search_type_arg,False,wrong_arg_value,,social_search,social_search,True,True,True,
v4_B_base_openrouter_20260602T144054711764,v4,v4+p81948fcb9d2e+td7ade8db87e5,base,R08_out_of_scope,False,out_of_scope,,no_tool,,True,True,True,
v4_B_base_openrouter_20260602T144054711764,v4,v4+p81948fcb9d2e+td7ade8db87e5,base,R09_no_tool_capability,False,unnecessary_tool,,no_tool,,True,True,True,
v4_B_base_openrouter_20260602T144054711764,v4,v4+p81948fcb9d2e+td7ade8db87e5,base,R10_missing_handle,False,missing_info,,clarify,clarify,True,True,True,
v4_B_base_openrouter_20260602T144054711764,v4,v4+p81948fcb9d2e+td7ade8db87e5,base,R11_missing_url,False,missing_info,,clarify,clarify,True,True,True,
v4_B_base_openrouter_20260602T144054711764,v4,v4+p81948fcb9d2e+td7ade8db87e5,base,R12_confirm_before_send,False,wrong_boundary,,clarify,clarify,True,True,True,
v4_B_base_openrouter_20260602T144054711764,v4,v4+p81948fcb9d2e+td7ade8db87e5,base,R13_parallel_web_and_tweets,False,wrong_tool,,lookup|social_search,lookup|social_search,True,True,True,
v4_B_base_openrouter_20260602T144054711764,v4,v4+p81948fcb9d2e+td7ade8db87e5,base,R14_out_of_scope_coding,False,out_of_scope,,no_tool,,True,True,True,
v4_B_base_openrouter_20260602T144054711764,v4,v4+p81948fcb9d2e+td7ade8db87e5,base,M01_clarify_then_fill,True,missing_info,,timeline,timeline,True,True,True,
v4_B_base_openrouter_20260602T144054711764,v4,v4+p81948fcb9d2e+td7ade8db87e5,base,M02_carryover_timeframe,True,wrong_arg_value,,lookup,lookup,True,True,True,
v4_B_base_openrouter_20260602T144054711764,v4,v4+p81948fcb9d2e+td7ade8db87e5,base,M03_correction_handle,True,wrong_arg_value,,timeline,timeline,True,True,True,
v4_B_base_openrouter_20260602T144054711764,v4,v4+p81948fcb9d2e+td7ade8db87e5,base,M04_clarify_then_url,True,missing_info,,fetch,fetch,True,True,True,
v4_B_base_openrouter_20260602T144054711764,v4,v4+p81948fcb9d2e+td7ade8db87e5,base,M05_correction_limit,True,wrong_arg_value,,timeline,timeline,True,True,True,
v4_B_base_openrouter_20260602T144054711764,v4,v4+p81948fcb9d2e+td7ade8db87e5,base,M06_switch_tool,True,wrong_tool,,lookup,lookup,True,True,True,
v4_B_group_openrouter_20260602T143803766374,v4,v4+pcd886cc9e1fc+teed70b37f4e8,group,G01_social_top_limit,False,wrong_arg_value,,social_search,social_search,True,True,True,
v4_B_group_openrouter_20260602T143803766374,v4,v4+pcd886cc9e1fc+teed70b37f4e8,group,G02_lookup_month_news,False,wrong_arg_value,,lookup,lookup,True,True,True,
v4_B_group_openrouter_20260602T143803766374,v4,v4+pcd886cc9e1fc+teed70b37f4e8,group,G03_fetch_explicit_url,False,wrong_tool,,fetch,fetch,True,True,True,
v4_B_group_openrouter_20260602T143803766374,v4,v4+pcd886cc9e1fc+teed70b37f4e8,group,G04_missing_url_clarify,False,missing_info,,clarify,clarify,True,True,True,
v4_B_group_openrouter_20260602T143803766374,v4,v4+pcd886cc9e1fc+teed70b37f4e8,group,G05_query_expand_new_tool,False,wrong_tool,,query_expand,query_expand,True,True,True,
v4_B_group_openrouter_20260602T143803766374,v4,v4+pcd886cc9e1fc+teed70b37f4e8,group,GM01_multiturn_topic_carry_time,True,wrong_arg_value,wrong_arg_value,lookup,lookup,False,True,False,"query: expected 'robotics', got 'AI'"
v4_B_group_openrouter_20260602T143803766374,v4,v4+pcd886cc9e1fc+teed70b37f4e8,group,GM02_multiturn_correct_account,True,wrong_arg_value,,timeline,timeline,True,True,True,
v4_B_group_openrouter_20260602T143803766374,v4,v4+pcd886cc9e1fc+teed70b37f4e8,group,GM03_multiturn_send_after_confirm,True,wrong_boundary,,send,send,True,True,True,
v4_B_group_openrouter_20260602T143803766374,v4,v4+pcd886cc9e1fc+teed70b37f4e8,group,GM04_multiturn_social_top_limit,True,wrong_arg_value,,social_search,social_search,True,True,True,
v4_B_group_openrouter_20260602T143803766374,v4,v4+pcd886cc9e1fc+teed70b37f4e8,group,GM05_multiturn_query_expand,True,wrong_arg_value,,query_expand,query_expand,True,True,True,
v4_B_group_openrouter_20260602T143928975056,v4,v4+p81948fcb9d2e+td7ade8db87e5,group,G01_social_top_limit,False,wrong_arg_value,,social_search,social_search,True,True,True,
v4_B_group_openrouter_20260602T143928975056,v4,v4+p81948fcb9d2e+td7ade8db87e5,group,G02_lookup_month_news,False,wrong_arg_value,,lookup,lookup,True,True,True,
v4_B_group_openrouter_20260602T143928975056,v4,v4+p81948fcb9d2e+td7ade8db87e5,group,G03_fetch_explicit_url,False,wrong_tool,,fetch,fetch,True,True,True,
v4_B_group_openrouter_20260602T143928975056,v4,v4+p81948fcb9d2e+td7ade8db87e5,group,G04_missing_url_clarify,False,missing_info,,clarify,clarify,True,True,True,
v4_B_group_openrouter_20260602T143928975056,v4,v4+p81948fcb9d2e+td7ade8db87e5,group,G05_query_expand_new_tool,False,wrong_tool,,query_expand,query_expand,True,True,True,
v4_B_group_openrouter_20260602T143928975056,v4,v4+p81948fcb9d2e+td7ade8db87e5,group,GM01_multiturn_topic_carry_time,True,wrong_arg_value,,lookup,lookup,True,True,True,
v4_B_group_openrouter_20260602T143928975056,v4,v4+p81948fcb9d2e+td7ade8db87e5,group,GM02_multiturn_correct_account,True,wrong_arg_value,,timeline,timeline,True,True,True,
v4_B_group_openrouter_20260602T143928975056,v4,v4+p81948fcb9d2e+td7ade8db87e5,group,GM03_multiturn_send_after_confirm,True,wrong_boundary,,send,send,True,True,True,
v4_B_group_openrouter_20260602T143928975056,v4,v4+p81948fcb9d2e+td7ade8db87e5,group,GM04_multiturn_social_top_limit,True,wrong_arg_value,,social_search,social_search,True,True,True,
v4_B_group_openrouter_20260602T143928975056,v4,v4+p81948fcb9d2e+td7ade8db87e5,group,GM05_multiturn_query_expand,True,wrong_arg_value,,query_expand,query_expand,True,True,True,
v5_B_base_openrouter_20260602T150815621706,v5,v5+p2eefbddc7da0+td33aeedd03f1,base,R01_user_tweets_routing,False,wrong_tool,,timeline,timeline,True,True,True,
v5_B_base_openrouter_20260602T150815621706,v5,v5+p2eefbddc7da0+td33aeedd03f1,base,R02_search_tweets_routing,False,wrong_tool,,social_search,social_search,True,True,True,
v5_B_base_openrouter_20260602T150815621706,v5,v5+p2eefbddc7da0+td33aeedd03f1,base,R03_web_news_routing,False,wrong_tool,,lookup,lookup,True,True,True,
v5_B_base_openrouter_20260602T150815621706,v5,v5+p2eefbddc7da0+td33aeedd03f1,base,R04_read_url_routing,False,wrong_tool,,fetch,fetch,True,True,True,
v5_B_base_openrouter_20260602T150815621706,v5,v5+p2eefbddc7da0+td33aeedd03f1,base,R05_limit_arg,False,wrong_arg_value,,timeline,timeline,True,True,True,
v5_B_base_openrouter_20260602T150815621706,v5,v5+p2eefbddc7da0+td33aeedd03f1,base,R06_timeframe_arg,False,wrong_arg_value,,lookup,lookup,True,True,True,
v5_B_base_openrouter_20260602T150815621706,v5,v5+p2eefbddc7da0+td33aeedd03f1,base,R07_search_type_arg,False,wrong_arg_value,,social_search,social_search,True,True,True,
v5_B_base_openrouter_20260602T150815621706,v5,v5+p2eefbddc7da0+td33aeedd03f1,base,R08_out_of_scope,False,out_of_scope,,no_tool,,True,True,True,
v5_B_base_openrouter_20260602T150815621706,v5,v5+p2eefbddc7da0+td33aeedd03f1,base,R09_no_tool_capability,False,unnecessary_tool,,no_tool,,True,True,True,
v5_B_base_openrouter_20260602T150815621706,v5,v5+p2eefbddc7da0+td33aeedd03f1,base,R10_missing_handle,False,missing_info,missing_tool_call,clarify,timeline,False,False,False,missing tool call clarify; extra tool call timeline
v5_B_base_openrouter_20260602T150815621706,v5,v5+p2eefbddc7da0+td33aeedd03f1,base,R11_missing_url,False,missing_info,,clarify,clarify,True,True,True,
v5_B_base_openrouter_20260602T150815621706,v5,v5+p2eefbddc7da0+td33aeedd03f1,base,R12_confirm_before_send,False,wrong_boundary,,clarify,clarify,True,True,True,
v5_B_base_openrouter_20260602T150815621706,v5,v5+p2eefbddc7da0+td33aeedd03f1,base,R13_parallel_web_and_tweets,False,wrong_tool,,lookup|social_search,lookup|social_search,True,True,True,
v5_B_base_openrouter_20260602T150815621706,v5,v5+p2eefbddc7da0+td33aeedd03f1,base,R14_out_of_scope_coding,False,out_of_scope,,no_tool,,True,True,True,
v5_B_base_openrouter_20260602T150815621706,v5,v5+p2eefbddc7da0+td33aeedd03f1,base,M01_clarify_then_fill,True,missing_info,,timeline,timeline,True,True,True,
v5_B_base_openrouter_20260602T150815621706,v5,v5+p2eefbddc7da0+td33aeedd03f1,base,M02_carryover_timeframe,True,wrong_arg_value,,lookup,lookup,True,True,True,
v5_B_base_openrouter_20260602T150815621706,v5,v5+p2eefbddc7da0+td33aeedd03f1,base,M03_correction_handle,True,wrong_arg_value,,timeline,timeline,True,True,True,
v5_B_base_openrouter_20260602T150815621706,v5,v5+p2eefbddc7da0+td33aeedd03f1,base,M04_clarify_then_url,True,missing_info,,fetch,fetch,True,True,True,
v5_B_base_openrouter_20260602T150815621706,v5,v5+p2eefbddc7da0+td33aeedd03f1,base,M05_correction_limit,True,wrong_arg_value,,timeline,timeline,True,True,True,
v5_B_base_openrouter_20260602T150815621706,v5,v5+p2eefbddc7da0+td33aeedd03f1,base,M06_switch_tool,True,wrong_tool,,lookup,lookup,True,True,True,
v5_B_base_openrouter_20260602T151015421951,v5,v5+p4e340c5ce54b+t9ce035e208ed,base,R01_user_tweets_routing,False,wrong_tool,missing_tool_call,timeline,clarify,False,False,False,missing tool call timeline; extra tool call clarify
v5_B_base_openrouter_20260602T151015421951,v5,v5+p4e340c5ce54b+t9ce035e208ed,base,R02_search_tweets_routing,False,wrong_tool,,social_search,social_search,True,True,True,
v5_B_base_openrouter_20260602T151015421951,v5,v5+p4e340c5ce54b+t9ce035e208ed,base,R03_web_news_routing,False,wrong_tool,,lookup,lookup,True,True,True,
v5_B_base_openrouter_20260602T151015421951,v5,v5+p4e340c5ce54b+t9ce035e208ed,base,R04_read_url_routing,False,wrong_tool,,fetch,fetch,True,True,True,
v5_B_base_openrouter_20260602T151015421951,v5,v5+p4e340c5ce54b+t9ce035e208ed,base,R05_limit_arg,False,wrong_arg_value,,timeline,timeline,True,True,True,
v5_B_base_openrouter_20260602T151015421951,v5,v5+p4e340c5ce54b+t9ce035e208ed,base,R06_timeframe_arg,False,wrong_arg_value,,lookup,lookup,True,True,True,
v5_B_base_openrouter_20260602T151015421951,v5,v5+p4e340c5ce54b+t9ce035e208ed,base,R07_search_type_arg,False,wrong_arg_value,,social_search,social_search,True,True,True,
v5_B_base_openrouter_20260602T151015421951,v5,v5+p4e340c5ce54b+t9ce035e208ed,base,R08_out_of_scope,False,out_of_scope,,no_tool,,True,True,True,
v5_B_base_openrouter_20260602T151015421951,v5,v5+p4e340c5ce54b+t9ce035e208ed,base,R09_no_tool_capability,False,unnecessary_tool,,no_tool,,True,True,True,
v5_B_base_openrouter_20260602T151015421951,v5,v5+p4e340c5ce54b+t9ce035e208ed,base,R10_missing_handle,False,missing_info,,clarify,clarify,True,True,True,
v5_B_base_openrouter_20260602T151015421951,v5,v5+p4e340c5ce54b+t9ce035e208ed,base,R11_missing_url,False,missing_info,,clarify,clarify,True,True,True,
v5_B_base_openrouter_20260602T151015421951,v5,v5+p4e340c5ce54b+t9ce035e208ed,base,R12_confirm_before_send,False,wrong_boundary,,clarify,clarify,True,True,True,
v5_B_base_openrouter_20260602T151015421951,v5,v5+p4e340c5ce54b+t9ce035e208ed,base,R13_parallel_web_and_tweets,False,wrong_tool,,lookup|social_search,lookup|social_search,True,True,True,
v5_B_base_openrouter_20260602T151015421951,v5,v5+p4e340c5ce54b+t9ce035e208ed,base,R14_out_of_scope_coding,False,out_of_scope,,no_tool,,True,True,True,
v5_B_base_openrouter_20260602T151015421951,v5,v5+p4e340c5ce54b+t9ce035e208ed,base,M01_clarify_then_fill,True,missing_info,,timeline,timeline,True,True,True,
v5_B_base_openrouter_20260602T151015421951,v5,v5+p4e340c5ce54b+t9ce035e208ed,base,M02_carryover_timeframe,True,wrong_arg_value,,lookup,lookup,True,True,True,
v5_B_base_openrouter_20260602T151015421951,v5,v5+p4e340c5ce54b+t9ce035e208ed,base,M03_correction_handle,True,wrong_arg_value,,timeline,timeline,True,True,True,
v5_B_base_openrouter_20260602T151015421951,v5,v5+p4e340c5ce54b+t9ce035e208ed,base,M04_clarify_then_url,True,missing_info,,fetch,fetch,True,True,True,
v5_B_base_openrouter_20260602T151015421951,v5,v5+p4e340c5ce54b+t9ce035e208ed,base,M05_correction_limit,True,wrong_arg_value,,timeline,timeline,True,True,True,
v5_B_base_openrouter_20260602T151015421951,v5,v5+p4e340c5ce54b+t9ce035e208ed,base,M06_switch_tool,True,wrong_tool,,lookup,lookup,True,True,True,
v5_B_base_openrouter_20260602T151206330292,v5,v5+p18498b0896dd+tfc9eb7328886,base,R01_user_tweets_routing,False,wrong_tool,,timeline,timeline,True,True,True,
v5_B_base_openrouter_20260602T151206330292,v5,v5+p18498b0896dd+tfc9eb7328886,base,R02_search_tweets_routing,False,wrong_tool,,social_search,social_search,True,True,True,
v5_B_base_openrouter_20260602T151206330292,v5,v5+p18498b0896dd+tfc9eb7328886,base,R03_web_news_routing,False,wrong_tool,,lookup,lookup,True,True,True,
v5_B_base_openrouter_20260602T151206330292,v5,v5+p18498b0896dd+tfc9eb7328886,base,R04_read_url_routing,False,wrong_tool,,fetch,fetch,True,True,True,
v5_B_base_openrouter_20260602T151206330292,v5,v5+p18498b0896dd+tfc9eb7328886,base,R05_limit_arg,False,wrong_arg_value,,timeline,timeline,True,True,True,
v5_B_base_openrouter_20260602T151206330292,v5,v5+p18498b0896dd+tfc9eb7328886,base,R06_timeframe_arg,False,wrong_arg_value,,lookup,lookup,True,True,True,
v5_B_base_openrouter_20260602T151206330292,v5,v5+p18498b0896dd+tfc9eb7328886,base,R07_search_type_arg,False,wrong_arg_value,,social_search,social_search,True,True,True,
v5_B_base_openrouter_20260602T151206330292,v5,v5+p18498b0896dd+tfc9eb7328886,base,R08_out_of_scope,False,out_of_scope,,no_tool,,True,True,True,
v5_B_base_openrouter_20260602T151206330292,v5,v5+p18498b0896dd+tfc9eb7328886,base,R09_no_tool_capability,False,unnecessary_tool,,no_tool,,True,True,True,
v5_B_base_openrouter_20260602T151206330292,v5,v5+p18498b0896dd+tfc9eb7328886,base,R10_missing_handle,False,missing_info,,clarify,clarify,True,True,True,
v5_B_base_openrouter_20260602T151206330292,v5,v5+p18498b0896dd+tfc9eb7328886,base,R11_missing_url,False,missing_info,,clarify,clarify,True,True,True,
v5_B_base_openrouter_20260602T151206330292,v5,v5+p18498b0896dd+tfc9eb7328886,base,R12_confirm_before_send,False,wrong_boundary,,clarify,clarify,True,True,True,
v5_B_base_openrouter_20260602T151206330292,v5,v5+p18498b0896dd+tfc9eb7328886,base,R13_parallel_web_and_tweets,False,wrong_tool,,lookup|social_search,lookup|social_search,True,True,True,
v5_B_base_openrouter_20260602T151206330292,v5,v5+p18498b0896dd+tfc9eb7328886,base,R14_out_of_scope_coding,False,out_of_scope,,no_tool,,True,True,True,
v5_B_base_openrouter_20260602T151206330292,v5,v5+p18498b0896dd+tfc9eb7328886,base,M01_clarify_then_fill,True,missing_info,,timeline,timeline,True,True,True,
v5_B_base_openrouter_20260602T151206330292,v5,v5+p18498b0896dd+tfc9eb7328886,base,M02_carryover_timeframe,True,wrong_arg_value,,lookup,lookup,True,True,True,
v5_B_base_openrouter_20260602T151206330292,v5,v5+p18498b0896dd+tfc9eb7328886,base,M03_correction_handle,True,wrong_arg_value,,timeline,timeline,True,True,True,
v5_B_base_openrouter_20260602T151206330292,v5,v5+p18498b0896dd+tfc9eb7328886,base,M04_clarify_then_url,True,missing_info,,fetch,fetch,True,True,True,
v5_B_base_openrouter_20260602T151206330292,v5,v5+p18498b0896dd+tfc9eb7328886,base,M05_correction_limit,True,wrong_arg_value,,timeline,timeline,True,True,True,
v5_B_base_openrouter_20260602T151206330292,v5,v5+p18498b0896dd+tfc9eb7328886,base,M06_switch_tool,True,wrong_tool,,lookup,lookup,True,True,True,
v5_B_base_openrouter_20260602T151636559527,v5,v5+p8231f31a7501+t38910bb2f01e,base,R01_user_tweets_routing,False,wrong_tool,,timeline,timeline,True,True,True,
v5_B_base_openrouter_20260602T151636559527,v5,v5+p8231f31a7501+t38910bb2f01e,base,R02_search_tweets_routing,False,wrong_tool,,social_search,social_search,True,True,True,
v5_B_base_openrouter_20260602T151636559527,v5,v5+p8231f31a7501+t38910bb2f01e,base,R03_web_news_routing,False,wrong_tool,,lookup,lookup,True,True,True,
v5_B_base_openrouter_20260602T151636559527,v5,v5+p8231f31a7501+t38910bb2f01e,base,R04_read_url_routing,False,wrong_tool,,fetch,fetch,True,True,True,
v5_B_base_openrouter_20260602T151636559527,v5,v5+p8231f31a7501+t38910bb2f01e,base,R05_limit_arg,False,wrong_arg_value,,timeline,timeline,True,True,True,
v5_B_base_openrouter_20260602T151636559527,v5,v5+p8231f31a7501+t38910bb2f01e,base,R06_timeframe_arg,False,wrong_arg_value,,lookup,lookup,True,True,True,
v5_B_base_openrouter_20260602T151636559527,v5,v5+p8231f31a7501+t38910bb2f01e,base,R07_search_type_arg,False,wrong_arg_value,,social_search,social_search,True,True,True,
v5_B_base_openrouter_20260602T151636559527,v5,v5+p8231f31a7501+t38910bb2f01e,base,R08_out_of_scope,False,out_of_scope,,no_tool,,True,True,True,
v5_B_base_openrouter_20260602T151636559527,v5,v5+p8231f31a7501+t38910bb2f01e,base,R09_no_tool_capability,False,unnecessary_tool,,no_tool,,True,True,True,
v5_B_base_openrouter_20260602T151636559527,v5,v5+p8231f31a7501+t38910bb2f01e,base,R10_missing_handle,False,missing_info,,clarify,clarify,True,True,True,
v5_B_base_openrouter_20260602T151636559527,v5,v5+p8231f31a7501+t38910bb2f01e,base,R11_missing_url,False,missing_info,,clarify,clarify,True,True,True,
v5_B_base_openrouter_20260602T151636559527,v5,v5+p8231f31a7501+t38910bb2f01e,base,R12_confirm_before_send,False,wrong_boundary,,clarify,clarify,True,True,True,
v5_B_base_openrouter_20260602T151636559527,v5,v5+p8231f31a7501+t38910bb2f01e,base,R13_parallel_web_and_tweets,False,wrong_tool,,lookup|social_search,lookup|social_search,True,True,True,
v5_B_base_openrouter_20260602T151636559527,v5,v5+p8231f31a7501+t38910bb2f01e,base,R14_out_of_scope_coding,False,out_of_scope,,no_tool,,True,True,True,
v5_B_base_openrouter_20260602T151636559527,v5,v5+p8231f31a7501+t38910bb2f01e,base,M01_clarify_then_fill,True,missing_info,,timeline,timeline,True,True,True,
v5_B_base_openrouter_20260602T151636559527,v5,v5+p8231f31a7501+t38910bb2f01e,base,M02_carryover_timeframe,True,wrong_arg_value,,lookup,lookup,True,True,True,
v5_B_base_openrouter_20260602T151636559527,v5,v5+p8231f31a7501+t38910bb2f01e,base,M03_correction_handle,True,wrong_arg_value,,timeline,timeline,True,True,True,
v5_B_base_openrouter_20260602T151636559527,v5,v5+p8231f31a7501+t38910bb2f01e,base,M04_clarify_then_url,True,missing_info,,fetch,fetch,True,True,True,
v5_B_base_openrouter_20260602T151636559527,v5,v5+p8231f31a7501+t38910bb2f01e,base,M05_correction_limit,True,wrong_arg_value,,timeline,timeline,True,True,True,
v5_B_base_openrouter_20260602T151636559527,v5,v5+p8231f31a7501+t38910bb2f01e,base,M06_switch_tool,True,wrong_tool,,lookup,lookup,True,True,True,
v5_B_group_openrouter_20260602T151342450491,v5,v5+p18498b0896dd+tfc9eb7328886,group,G01_social_top_limit,False,wrong_arg_value,,social_search,social_search,True,True,True,
v5_B_group_openrouter_20260602T151342450491,v5,v5+p18498b0896dd+tfc9eb7328886,group,G02_lookup_month_news,False,wrong_arg_value,,lookup,lookup,True,True,True,
v5_B_group_openrouter_20260602T151342450491,v5,v5+p18498b0896dd+tfc9eb7328886,group,G03_fetch_explicit_url,False,wrong_tool,,fetch,fetch,True,True,True,
v5_B_group_openrouter_20260602T151342450491,v5,v5+p18498b0896dd+tfc9eb7328886,group,G04_missing_url_clarify,False,missing_info,,clarify,clarify,True,True,True,
v5_B_group_openrouter_20260602T151342450491,v5,v5+p18498b0896dd+tfc9eb7328886,group,G05_query_expand_new_tool,False,wrong_tool,,query_expand,query_expand,True,True,True,
v5_B_group_openrouter_20260602T151342450491,v5,v5+p18498b0896dd+tfc9eb7328886,group,GM01_multiturn_topic_carry_time,True,wrong_arg_value,,lookup,lookup,True,True,True,
v5_B_group_openrouter_20260602T151342450491,v5,v5+p18498b0896dd+tfc9eb7328886,group,GM02_multiturn_correct_account,True,wrong_arg_value,,timeline,timeline,True,True,True,
v5_B_group_openrouter_20260602T151342450491,v5,v5+p18498b0896dd+tfc9eb7328886,group,GM03_multiturn_send_after_confirm,True,wrong_boundary,,send,send,True,True,True,
v5_B_group_openrouter_20260602T151342450491,v5,v5+p18498b0896dd+tfc9eb7328886,group,GM04_multiturn_social_top_limit,True,wrong_arg_value,,social_search,social_search,True,True,True,
v5_B_group_openrouter_20260602T151342450491,v5,v5+p18498b0896dd+tfc9eb7328886,group,GM05_multiturn_query_expand,True,wrong_arg_value,,query_expand,query_expand,True,True,True,
v5_B_group_openrouter_20260602T151342450491,v5,v5+p18498b0896dd+tfc9eb7328886,group,G06_github_search_repo,False,wrong_tool,,github_search,github_search,True,True,True,
v5_B_group_openrouter_20260602T151342450491,v5,v5+p18498b0896dd+tfc9eb7328886,group,G07_hn_search_story,False,wrong_tool,wrong_arg_value,hn_search,hn_search,False,True,False,"search_type: expected 'story', got None"
v5_B_group_openrouter_20260602T151342450491,v5,v5+p18498b0896dd+tfc9eb7328886,group,G08_wikipedia_background,False,wrong_tool,,wikipedia_summary,wikipedia_summary,True,True,True,
v5_B_group_openrouter_20260602T151342450491,v5,v5+p18498b0896dd+tfc9eb7328886,group,G09_rss_feed_read,False,wrong_tool,,rss_read,rss_read,True,True,True,
v5_B_group_openrouter_20260602T151342450491,v5,v5+p18498b0896dd+tfc9eb7328886,group,GM06_slack_after_confirm,True,wrong_boundary,,slack_send,slack_send,True,True,True,
v5_B_group_openrouter_20260602T151342450491,v5,v5+p18498b0896dd+tfc9eb7328886,group,GM07_discord_after_confirm,True,wrong_boundary,,discord_send,discord_send,True,True,True,
v5_B_group_openrouter_20260602T151748506995,v5,v5+p8231f31a7501+t38910bb2f01e,group,G01_social_top_limit,False,wrong_arg_value,,social_search,social_search,True,True,True,
v5_B_group_openrouter_20260602T151748506995,v5,v5+p8231f31a7501+t38910bb2f01e,group,G02_lookup_month_news,False,wrong_arg_value,,lookup,lookup,True,True,True,
v5_B_group_openrouter_20260602T151748506995,v5,v5+p8231f31a7501+t38910bb2f01e,group,G03_fetch_explicit_url,False,wrong_tool,,fetch,fetch,True,True,True,
v5_B_group_openrouter_20260602T151748506995,v5,v5+p8231f31a7501+t38910bb2f01e,group,G04_missing_url_clarify,False,missing_info,,clarify,clarify,True,True,True,
v5_B_group_openrouter_20260602T151748506995,v5,v5+p8231f31a7501+t38910bb2f01e,group,G05_query_expand_new_tool,False,wrong_tool,,query_expand,query_expand,True,True,True,
v5_B_group_openrouter_20260602T151748506995,v5,v5+p8231f31a7501+t38910bb2f01e,group,GM01_multiturn_topic_carry_time,True,wrong_arg_value,,lookup,lookup,True,True,True,
v5_B_group_openrouter_20260602T151748506995,v5,v5+p8231f31a7501+t38910bb2f01e,group,GM02_multiturn_correct_account,True,wrong_arg_value,,timeline,timeline,True,True,True,
v5_B_group_openrouter_20260602T151748506995,v5,v5+p8231f31a7501+t38910bb2f01e,group,GM03_multiturn_send_after_confirm,True,wrong_boundary,,send,send,True,True,True,
v5_B_group_openrouter_20260602T151748506995,v5,v5+p8231f31a7501+t38910bb2f01e,group,GM04_multiturn_social_top_limit,True,wrong_arg_value,,social_search,social_search,True,True,True,
v5_B_group_openrouter_20260602T151748506995,v5,v5+p8231f31a7501+t38910bb2f01e,group,GM05_multiturn_query_expand,True,wrong_arg_value,,query_expand,query_expand,True,True,True,
v5_B_group_openrouter_20260602T151748506995,v5,v5+p8231f31a7501+t38910bb2f01e,group,G06_github_search_repo,False,wrong_tool,,github_search,github_search,True,True,True,
v5_B_group_openrouter_20260602T151748506995,v5,v5+p8231f31a7501+t38910bb2f01e,group,G07_hn_search_story,False,wrong_tool,,hn_search,hn_search,True,True,True,
v5_B_group_openrouter_20260602T151748506995,v5,v5+p8231f31a7501+t38910bb2f01e,group,G08_wikipedia_background,False,wrong_tool,,wikipedia_summary,wikipedia_summary,True,True,True,
v5_B_group_openrouter_20260602T151748506995,v5,v5+p8231f31a7501+t38910bb2f01e,group,G09_rss_feed_read,False,wrong_tool,,rss_read,rss_read,True,True,True,
v5_B_group_openrouter_20260602T151748506995,v5,v5+p8231f31a7501+t38910bb2f01e,group,GM06_slack_after_confirm,True,wrong_boundary,,slack_send,slack_send,True,True,True,
v5_B_group_openrouter_20260602T151748506995,v5,v5+p8231f31a7501+t38910bb2f01e,group,GM07_discord_after_confirm,True,wrong_boundary,,discord_send,discord_send,True,True,True,
v6_B_base_openrouter_20260602T154425159362,v6,v6+pbe5b3ff468ae+tcedbe9df2c77,base,R01_user_tweets_routing,False,wrong_tool,,timeline,timeline,True,True,True,
v6_B_base_openrouter_20260602T154425159362,v6,v6+pbe5b3ff468ae+tcedbe9df2c77,base,R02_search_tweets_routing,False,wrong_tool,,social_search,social_search,True,True,True,
v6_B_base_openrouter_20260602T154425159362,v6,v6+pbe5b3ff468ae+tcedbe9df2c77,base,R03_web_news_routing,False,wrong_tool,,lookup,lookup,True,True,True,
v6_B_base_openrouter_20260602T154425159362,v6,v6+pbe5b3ff468ae+tcedbe9df2c77,base,R04_read_url_routing,False,wrong_tool,,fetch,fetch,True,True,True,
v6_B_base_openrouter_20260602T154425159362,v6,v6+pbe5b3ff468ae+tcedbe9df2c77,base,R05_limit_arg,False,wrong_arg_value,,timeline,timeline,True,True,True,
v6_B_base_openrouter_20260602T154425159362,v6,v6+pbe5b3ff468ae+tcedbe9df2c77,base,R06_timeframe_arg,False,wrong_arg_value,,lookup,lookup,True,True,True,
v6_B_base_openrouter_20260602T154425159362,v6,v6+pbe5b3ff468ae+tcedbe9df2c77,base,R07_search_type_arg,False,wrong_arg_value,,social_search,social_search,True,True,True,
v6_B_base_openrouter_20260602T154425159362,v6,v6+pbe5b3ff468ae+tcedbe9df2c77,base,R08_out_of_scope,False,out_of_scope,,no_tool,,True,True,True,
v6_B_base_openrouter_20260602T154425159362,v6,v6+pbe5b3ff468ae+tcedbe9df2c77,base,R09_no_tool_capability,False,unnecessary_tool,,no_tool,,True,True,True,
v6_B_base_openrouter_20260602T154425159362,v6,v6+pbe5b3ff468ae+tcedbe9df2c77,base,R10_missing_handle,False,missing_info,,clarify,clarify,True,True,True,
v6_B_base_openrouter_20260602T154425159362,v6,v6+pbe5b3ff468ae+tcedbe9df2c77,base,R11_missing_url,False,missing_info,,clarify,clarify,True,True,True,
v6_B_base_openrouter_20260602T154425159362,v6,v6+pbe5b3ff468ae+tcedbe9df2c77,base,R12_confirm_before_send,False,wrong_boundary,,clarify,clarify,True,True,True,
v6_B_base_openrouter_20260602T154425159362,v6,v6+pbe5b3ff468ae+tcedbe9df2c77,base,R13_parallel_web_and_tweets,False,wrong_tool,,lookup|social_search,lookup|social_search,True,True,True,
v6_B_base_openrouter_20260602T154425159362,v6,v6+pbe5b3ff468ae+tcedbe9df2c77,base,R14_out_of_scope_coding,False,out_of_scope,,no_tool,,True,True,True,
v6_B_base_openrouter_20260602T154425159362,v6,v6+pbe5b3ff468ae+tcedbe9df2c77,base,M01_clarify_then_fill,True,missing_info,,timeline,timeline,True,True,True,
v6_B_base_openrouter_20260602T154425159362,v6,v6+pbe5b3ff468ae+tcedbe9df2c77,base,M02_carryover_timeframe,True,wrong_arg_value,,lookup,lookup,True,True,True,
v6_B_base_openrouter_20260602T154425159362,v6,v6+pbe5b3ff468ae+tcedbe9df2c77,base,M03_correction_handle,True,wrong_arg_value,,timeline,timeline,True,True,True,
v6_B_base_openrouter_20260602T154425159362,v6,v6+pbe5b3ff468ae+tcedbe9df2c77,base,M04_clarify_then_url,True,missing_info,,fetch,fetch,True,True,True,
v6_B_base_openrouter_20260602T154425159362,v6,v6+pbe5b3ff468ae+tcedbe9df2c77,base,M05_correction_limit,True,wrong_arg_value,,timeline,timeline,True,True,True,
v6_B_base_openrouter_20260602T154425159362,v6,v6+pbe5b3ff468ae+tcedbe9df2c77,base,M06_switch_tool,True,wrong_tool,,lookup,lookup,True,True,True,
v6_B_group_openrouter_20260602T154555831960,v6,v6+pbe5b3ff468ae+tcedbe9df2c77,group,G01_social_top_limit,False,wrong_arg_value,,social_search,social_search,True,True,True,
v6_B_group_openrouter_20260602T154555831960,v6,v6+pbe5b3ff468ae+tcedbe9df2c77,group,G02_lookup_month_news,False,wrong_arg_value,,lookup,lookup,True,True,True,
v6_B_group_openrouter_20260602T154555831960,v6,v6+pbe5b3ff468ae+tcedbe9df2c77,group,G03_fetch_explicit_url,False,wrong_tool,,fetch,fetch,True,True,True,
v6_B_group_openrouter_20260602T154555831960,v6,v6+pbe5b3ff468ae+tcedbe9df2c77,group,G04_missing_url_clarify,False,missing_info,,clarify,clarify,True,True,True,
v6_B_group_openrouter_20260602T154555831960,v6,v6+pbe5b3ff468ae+tcedbe9df2c77,group,G05_query_expand_new_tool,False,wrong_tool,,query_expand,query_expand,True,True,True,
v6_B_group_openrouter_20260602T154555831960,v6,v6+pbe5b3ff468ae+tcedbe9df2c77,group,GM01_multiturn_topic_carry_time,True,wrong_arg_value,,lookup,lookup,True,True,True,
v6_B_group_openrouter_20260602T154555831960,v6,v6+pbe5b3ff468ae+tcedbe9df2c77,group,GM02_multiturn_correct_account,True,wrong_arg_value,,timeline,timeline,True,True,True,
v6_B_group_openrouter_20260602T154555831960,v6,v6+pbe5b3ff468ae+tcedbe9df2c77,group,GM03_multiturn_send_after_confirm,True,wrong_boundary,,send,send,True,True,True,
v6_B_group_openrouter_20260602T154555831960,v6,v6+pbe5b3ff468ae+tcedbe9df2c77,group,GM04_multiturn_social_top_limit,True,wrong_arg_value,,social_search,social_search,True,True,True,
v6_B_group_openrouter_20260602T154555831960,v6,v6+pbe5b3ff468ae+tcedbe9df2c77,group,GM05_multiturn_query_expand,True,wrong_arg_value,,query_expand,query_expand,True,True,True,
v6_B_group_openrouter_20260602T154555831960,v6,v6+pbe5b3ff468ae+tcedbe9df2c77,group,G06_github_search_repo,False,wrong_tool,,github_search,github_search,True,True,True,
v6_B_group_openrouter_20260602T154555831960,v6,v6+pbe5b3ff468ae+tcedbe9df2c77,group,G07_hn_search_story,False,wrong_tool,,hn_search,hn_search,True,True,True,
v6_B_group_openrouter_20260602T154555831960,v6,v6+pbe5b3ff468ae+tcedbe9df2c77,group,G08_wikipedia_background,False,wrong_tool,,wikipedia_summary,wikipedia_summary,True,True,True,
v6_B_group_openrouter_20260602T154555831960,v6,v6+pbe5b3ff468ae+tcedbe9df2c77,group,G09_rss_feed_read,False,wrong_tool,,rss_read,rss_read,True,True,True,
v6_B_group_openrouter_20260602T154555831960,v6,v6+pbe5b3ff468ae+tcedbe9df2c77,group,GM07_discord_after_confirm,True,wrong_boundary,,discord_send,discord_send,True,True,True,
v6_B_group_openrouter_20260602T154555831960,v6,v6+pbe5b3ff468ae+tcedbe9df2c77,group,G10_format_bullets,False,wrong_tool,,format,format,True,True,True,
v7_B_base_openrouter_20260602T160444754206,v7,v7+p7971358aa702+t2433a7291e59,base,R01_user_tweets_routing,False,wrong_tool,,timeline,timeline,True,True,True,
v7_B_base_openrouter_20260602T160444754206,v7,v7+p7971358aa702+t2433a7291e59,base,R02_search_tweets_routing,False,wrong_tool,,social_search,social_search,True,True,True,
v7_B_base_openrouter_20260602T160444754206,v7,v7+p7971358aa702+t2433a7291e59,base,R03_web_news_routing,False,wrong_tool,,lookup,lookup,True,True,True,
v7_B_base_openrouter_20260602T160444754206,v7,v7+p7971358aa702+t2433a7291e59,base,R04_read_url_routing,False,wrong_tool,,fetch,fetch,True,True,True,
v7_B_base_openrouter_20260602T160444754206,v7,v7+p7971358aa702+t2433a7291e59,base,R05_limit_arg,False,wrong_arg_value,,timeline,timeline,True,True,True,
v7_B_base_openrouter_20260602T160444754206,v7,v7+p7971358aa702+t2433a7291e59,base,R06_timeframe_arg,False,wrong_arg_value,,lookup,lookup,True,True,True,
v7_B_base_openrouter_20260602T160444754206,v7,v7+p7971358aa702+t2433a7291e59,base,R07_search_type_arg,False,wrong_arg_value,,social_search,social_search,True,True,True,
v7_B_base_openrouter_20260602T160444754206,v7,v7+p7971358aa702+t2433a7291e59,base,R08_out_of_scope,False,out_of_scope,,no_tool,,True,True,True,
v7_B_base_openrouter_20260602T160444754206,v7,v7+p7971358aa702+t2433a7291e59,base,R09_no_tool_capability,False,unnecessary_tool,,no_tool,,True,True,True,
v7_B_base_openrouter_20260602T160444754206,v7,v7+p7971358aa702+t2433a7291e59,base,R10_missing_handle,False,missing_info,,clarify,clarify,True,True,True,
v7_B_base_openrouter_20260602T160444754206,v7,v7+p7971358aa702+t2433a7291e59,base,R11_missing_url,False,missing_info,,clarify,clarify,True,True,True,
v7_B_base_openrouter_20260602T160444754206,v7,v7+p7971358aa702+t2433a7291e59,base,R12_confirm_before_send,False,wrong_boundary,wrong_arg_value,clarify,clarify,False,True,False,"response_type: expected 'yes_no', got 'text'"
v7_B_base_openrouter_20260602T160444754206,v7,v7+p7971358aa702+t2433a7291e59,base,R13_parallel_web_and_tweets,False,wrong_tool,,lookup|social_search,lookup|social_search,True,True,True,
v7_B_base_openrouter_20260602T160444754206,v7,v7+p7971358aa702+t2433a7291e59,base,R14_out_of_scope_coding,False,out_of_scope,,no_tool,,True,True,True,
v7_B_base_openrouter_20260602T160444754206,v7,v7+p7971358aa702+t2433a7291e59,base,M01_clarify_then_fill,True,missing_info,,timeline,timeline,True,True,True,
v7_B_base_openrouter_20260602T160444754206,v7,v7+p7971358aa702+t2433a7291e59,base,M02_carryover_timeframe,True,wrong_arg_value,,lookup,lookup,True,True,True,
v7_B_base_openrouter_20260602T160444754206,v7,v7+p7971358aa702+t2433a7291e59,base,M03_correction_handle,True,wrong_arg_value,,timeline,timeline,True,True,True,
v7_B_base_openrouter_20260602T160444754206,v7,v7+p7971358aa702+t2433a7291e59,base,M04_clarify_then_url,True,missing_info,,fetch,fetch,True,True,True,
v7_B_base_openrouter_20260602T160444754206,v7,v7+p7971358aa702+t2433a7291e59,base,M05_correction_limit,True,wrong_arg_value,,timeline,timeline,True,True,True,
v7_B_base_openrouter_20260602T160444754206,v7,v7+p7971358aa702+t2433a7291e59,base,M06_switch_tool,True,wrong_tool,,lookup,lookup,True,True,True,
v7_B_base_openrouter_20260602T160735396095,v7,v7+pd196a96b3700+tde3933158338,base,R01_user_tweets_routing,False,wrong_tool,,timeline,timeline,True,True,True,
v7_B_base_openrouter_20260602T160735396095,v7,v7+pd196a96b3700+tde3933158338,base,R02_search_tweets_routing,False,wrong_tool,,social_search,social_search,True,True,True,
v7_B_base_openrouter_20260602T160735396095,v7,v7+pd196a96b3700+tde3933158338,base,R03_web_news_routing,False,wrong_tool,,lookup,lookup,True,True,True,
v7_B_base_openrouter_20260602T160735396095,v7,v7+pd196a96b3700+tde3933158338,base,R04_read_url_routing,False,wrong_tool,,fetch,fetch,True,True,True,
v7_B_base_openrouter_20260602T160735396095,v7,v7+pd196a96b3700+tde3933158338,base,R05_limit_arg,False,wrong_arg_value,,timeline,timeline,True,True,True,
v7_B_base_openrouter_20260602T160735396095,v7,v7+pd196a96b3700+tde3933158338,base,R06_timeframe_arg,False,wrong_arg_value,,lookup,lookup,True,True,True,
v7_B_base_openrouter_20260602T160735396095,v7,v7+pd196a96b3700+tde3933158338,base,R07_search_type_arg,False,wrong_arg_value,,social_search,social_search,True,True,True,
v7_B_base_openrouter_20260602T160735396095,v7,v7+pd196a96b3700+tde3933158338,base,R08_out_of_scope,False,out_of_scope,,no_tool,,True,True,True,
v7_B_base_openrouter_20260602T160735396095,v7,v7+pd196a96b3700+tde3933158338,base,R09_no_tool_capability,False,unnecessary_tool,,no_tool,,True,True,True,
v7_B_base_openrouter_20260602T160735396095,v7,v7+pd196a96b3700+tde3933158338,base,R10_missing_handle,False,missing_info,,clarify,clarify,True,True,True,
v7_B_base_openrouter_20260602T160735396095,v7,v7+pd196a96b3700+tde3933158338,base,R11_missing_url,False,missing_info,,clarify,clarify,True,True,True,
v7_B_base_openrouter_20260602T160735396095,v7,v7+pd196a96b3700+tde3933158338,base,R12_confirm_before_send,False,wrong_boundary,,clarify,clarify,True,True,True,
v7_B_base_openrouter_20260602T160735396095,v7,v7+pd196a96b3700+tde3933158338,base,R13_parallel_web_and_tweets,False,wrong_tool,,lookup|social_search,lookup|social_search,True,True,True,
v7_B_base_openrouter_20260602T160735396095,v7,v7+pd196a96b3700+tde3933158338,base,R14_out_of_scope_coding,False,out_of_scope,,no_tool,,True,True,True,
v7_B_base_openrouter_20260602T160735396095,v7,v7+pd196a96b3700+tde3933158338,base,M01_clarify_then_fill,True,missing_info,,timeline,timeline,True,True,True,
v7_B_base_openrouter_20260602T160735396095,v7,v7+pd196a96b3700+tde3933158338,base,M02_carryover_timeframe,True,wrong_arg_value,,lookup,lookup,True,True,True,
v7_B_base_openrouter_20260602T160735396095,v7,v7+pd196a96b3700+tde3933158338,base,M03_correction_handle,True,wrong_arg_value,,timeline,timeline,True,True,True,
v7_B_base_openrouter_20260602T160735396095,v7,v7+pd196a96b3700+tde3933158338,base,M04_clarify_then_url,True,missing_info,,fetch,fetch,True,True,True,
v7_B_base_openrouter_20260602T160735396095,v7,v7+pd196a96b3700+tde3933158338,base,M05_correction_limit,True,wrong_arg_value,,timeline,timeline,True,True,True,
v7_B_base_openrouter_20260602T160735396095,v7,v7+pd196a96b3700+tde3933158338,base,M06_switch_tool,True,wrong_tool,,lookup,lookup,True,True,True,
v7_B_base_openrouter_20260602T161256459841,v7,v7+pd196a96b3700+tde3933158338,base,R01_user_tweets_routing,False,wrong_tool,,timeline,timeline,True,True,True,
v7_B_base_openrouter_20260602T161256459841,v7,v7+pd196a96b3700+tde3933158338,base,R02_search_tweets_routing,False,wrong_tool,,social_search,social_search,True,True,True,
v7_B_base_openrouter_20260602T161256459841,v7,v7+pd196a96b3700+tde3933158338,base,R03_web_news_routing,False,wrong_tool,,lookup,lookup,True,True,True,
v7_B_base_openrouter_20260602T161256459841,v7,v7+pd196a96b3700+tde3933158338,base,R04_read_url_routing,False,wrong_tool,,fetch,fetch,True,True,True,
v7_B_base_openrouter_20260602T161256459841,v7,v7+pd196a96b3700+tde3933158338,base,R05_limit_arg,False,wrong_arg_value,,timeline,timeline,True,True,True,
v7_B_base_openrouter_20260602T161256459841,v7,v7+pd196a96b3700+tde3933158338,base,R06_timeframe_arg,False,wrong_arg_value,,lookup,lookup,True,True,True,
v7_B_base_openrouter_20260602T161256459841,v7,v7+pd196a96b3700+tde3933158338,base,R07_search_type_arg,False,wrong_arg_value,,social_search,social_search,True,True,True,
v7_B_base_openrouter_20260602T161256459841,v7,v7+pd196a96b3700+tde3933158338,base,R08_out_of_scope,False,out_of_scope,,no_tool,,True,True,True,
v7_B_base_openrouter_20260602T161256459841,v7,v7+pd196a96b3700+tde3933158338,base,R09_no_tool_capability,False,unnecessary_tool,,no_tool,,True,True,True,
v7_B_base_openrouter_20260602T161256459841,v7,v7+pd196a96b3700+tde3933158338,base,R10_missing_handle,False,missing_info,,clarify,clarify,True,True,True,
v7_B_base_openrouter_20260602T161256459841,v7,v7+pd196a96b3700+tde3933158338,base,R11_missing_url,False,missing_info,,clarify,clarify,True,True,True,
v7_B_base_openrouter_20260602T161256459841,v7,v7+pd196a96b3700+tde3933158338,base,R12_confirm_before_send,False,wrong_boundary,,clarify,clarify,True,True,True,
v7_B_base_openrouter_20260602T161256459841,v7,v7+pd196a96b3700+tde3933158338,base,R13_parallel_web_and_tweets,False,wrong_tool,,lookup|social_search,lookup|social_search,True,True,True,
v7_B_base_openrouter_20260602T161256459841,v7,v7+pd196a96b3700+tde3933158338,base,R14_out_of_scope_coding,False,out_of_scope,,no_tool,,True,True,True,
v7_B_base_openrouter_20260602T161256459841,v7,v7+pd196a96b3700+tde3933158338,base,M01_clarify_then_fill,True,missing_info,,timeline,timeline,True,True,True,
v7_B_base_openrouter_20260602T161256459841,v7,v7+pd196a96b3700+tde3933158338,base,M02_carryover_timeframe,True,wrong_arg_value,,lookup,lookup,True,True,True,
v7_B_base_openrouter_20260602T161256459841,v7,v7+pd196a96b3700+tde3933158338,base,M03_correction_handle,True,wrong_arg_value,,timeline,timeline,True,True,True,
v7_B_base_openrouter_20260602T161256459841,v7,v7+pd196a96b3700+tde3933158338,base,M04_clarify_then_url,True,missing_info,,fetch,fetch,True,True,True,
v7_B_base_openrouter_20260602T161256459841,v7,v7+pd196a96b3700+tde3933158338,base,M05_correction_limit,True,wrong_arg_value,,timeline,timeline,True,True,True,
v7_B_base_openrouter_20260602T161256459841,v7,v7+pd196a96b3700+tde3933158338,base,M06_switch_tool,True,wrong_tool,,lookup,lookup,True,True,True,
v7_B_group_openrouter_20260602T160844860298,v7,v7+pd196a96b3700+tde3933158338,group,G01_social_top_limit,False,wrong_arg_value,,social_search,social_search,True,True,True,
v7_B_group_openrouter_20260602T160844860298,v7,v7+pd196a96b3700+tde3933158338,group,G02_lookup_month_news,False,wrong_arg_value,,lookup,lookup,True,True,True,
v7_B_group_openrouter_20260602T160844860298,v7,v7+pd196a96b3700+tde3933158338,group,G03_fetch_explicit_url,False,wrong_tool,,fetch,fetch,True,True,True,
v7_B_group_openrouter_20260602T160844860298,v7,v7+pd196a96b3700+tde3933158338,group,G04_missing_url_clarify,False,missing_info,,clarify,clarify,True,True,True,
v7_B_group_openrouter_20260602T160844860298,v7,v7+pd196a96b3700+tde3933158338,group,G05_query_expand_new_tool,False,wrong_tool,,query_expand,query_expand,True,True,True,
v7_B_group_openrouter_20260602T160844860298,v7,v7+pd196a96b3700+tde3933158338,group,GM01_multiturn_topic_carry_time,True,wrong_arg_value,,lookup,lookup,True,True,True,
v7_B_group_openrouter_20260602T160844860298,v7,v7+pd196a96b3700+tde3933158338,group,GM02_multiturn_correct_account,True,wrong_arg_value,,timeline,timeline,True,True,True,
v7_B_group_openrouter_20260602T160844860298,v7,v7+pd196a96b3700+tde3933158338,group,GM03_multiturn_send_after_confirm,True,wrong_boundary,,send,send,True,True,True,
v7_B_group_openrouter_20260602T160844860298,v7,v7+pd196a96b3700+tde3933158338,group,GM04_multiturn_social_top_limit,True,wrong_arg_value,,social_search,social_search,True,True,True,
v7_B_group_openrouter_20260602T160844860298,v7,v7+pd196a96b3700+tde3933158338,group,GM05_multiturn_query_expand,True,wrong_arg_value,,query_expand,query_expand,True,True,True,
v7_B_group_openrouter_20260602T160844860298,v7,v7+pd196a96b3700+tde3933158338,group,G06_github_search_repo,False,wrong_tool,,github_search,github_search,True,True,True,
v7_B_group_openrouter_20260602T160844860298,v7,v7+pd196a96b3700+tde3933158338,group,G07_hn_search_story,False,wrong_tool,provider_error,hn_search,,False,False,False,"APIStatusError: Error code: 402 - {'error': {'message': 'This request requires more credits, or fewer max_tokens. You requested up to 16384 tokens, but can only afford 15966. To increase, visit https://openrouter.ai/settings/credits and upgrade to a paid account', 'code': 402, 'metadata': {'provider_name': None}}, 'user_id': 'user_3EZFCFFgkJByPmbcDZ9PhLYQHik'}"
v7_B_group_openrouter_20260602T160844860298,v7,v7+pd196a96b3700+tde3933158338,group,G08_wikipedia_background,False,wrong_tool,provider_error,wikipedia_summary,,False,False,False,"APIStatusError: Error code: 402 - {'error': {'message': 'This request requires more credits, or fewer max_tokens. You requested up to 16384 tokens, but can only afford 15966. To increase, visit https://openrouter.ai/settings/credits and upgrade to a paid account', 'code': 402, 'metadata': {'provider_name': None}}, 'user_id': 'user_3EZFCFFgkJByPmbcDZ9PhLYQHik'}"
v7_B_group_openrouter_20260602T160844860298,v7,v7+pd196a96b3700+tde3933158338,group,G09_rss_feed_read,False,wrong_tool,provider_error,rss_read,,False,False,False,"APIStatusError: Error code: 402 - {'error': {'message': 'This request requires more credits, or fewer max_tokens. You requested up to 16384 tokens, but can only afford 15966. To increase, visit https://openrouter.ai/settings/credits and upgrade to a paid account', 'code': 402, 'metadata': {'provider_name': None}}, 'user_id': 'user_3EZFCFFgkJByPmbcDZ9PhLYQHik'}"
v7_B_group_openrouter_20260602T160844860298,v7,v7+pd196a96b3700+tde3933158338,group,GM07_discord_after_confirm,True,wrong_boundary,provider_error,discord_send,,False,False,False,"APIStatusError: Error code: 402 - {'error': {'message': 'This request requires more credits, or fewer max_tokens. You requested up to 16384 tokens, but can only afford 15966. To increase, visit https://openrouter.ai/settings/credits and upgrade to a paid account', 'code': 402, 'metadata': {'provider_name': None}}, 'user_id': 'user_3EZFCFFgkJByPmbcDZ9PhLYQHik'}"
v7_B_group_openrouter_20260602T160844860298,v7,v7+pd196a96b3700+tde3933158338,group,G10_format_bullets,False,wrong_tool,provider_error,format,,False,False,False,"APIStatusError: Error code: 402 - {'error': {'message': 'This request requires more credits, or fewer max_tokens. You requested up to 16384 tokens, but can only afford 15966. To increase, visit https://openrouter.ai/settings/credits and upgrade to a paid account', 'code': 402, 'metadata': {'provider_name': None}}, 'user_id': 'user_3EZFCFFgkJByPmbcDZ9PhLYQHik'}"
v7_B_group_openrouter_20260602T160844860298,v7,v7+pd196a96b3700+tde3933158338,group,G11_email_requires_confirm,False,wrong_boundary,provider_error,clarify,,False,False,False,"APIStatusError: Error code: 402 - {'error': {'message': 'This request requires more credits, or fewer max_tokens. You requested up to 16384 tokens, but can only afford 15966. To increase, visit https://openrouter.ai/settings/credits and upgrade to a paid account', 'code': 402, 'metadata': {'provider_name': None}}, 'user_id': 'user_3EZFCFFgkJByPmbcDZ9PhLYQHik'}"
v7_B_group_openrouter_20260602T161109493711,v7,v7+pd196a96b3700+tde3933158338,group,G01_social_top_limit,False,wrong_arg_value,,social_search,social_search,True,True,True,
v7_B_group_openrouter_20260602T161109493711,v7,v7+pd196a96b3700+tde3933158338,group,G02_lookup_month_news,False,wrong_arg_value,,lookup,lookup,True,True,True,
v7_B_group_openrouter_20260602T161109493711,v7,v7+pd196a96b3700+tde3933158338,group,G03_fetch_explicit_url,False,wrong_tool,,fetch,fetch,True,True,True,
v7_B_group_openrouter_20260602T161109493711,v7,v7+pd196a96b3700+tde3933158338,group,G04_missing_url_clarify,False,missing_info,,clarify,clarify,True,True,True,
v7_B_group_openrouter_20260602T161109493711,v7,v7+pd196a96b3700+tde3933158338,group,G05_query_expand_new_tool,False,wrong_tool,,query_expand,query_expand,True,True,True,
v7_B_group_openrouter_20260602T161109493711,v7,v7+pd196a96b3700+tde3933158338,group,GM01_multiturn_topic_carry_time,True,wrong_arg_value,,lookup,lookup,True,True,True,
v7_B_group_openrouter_20260602T161109493711,v7,v7+pd196a96b3700+tde3933158338,group,GM02_multiturn_correct_account,True,wrong_arg_value,,timeline,timeline,True,True,True,
v7_B_group_openrouter_20260602T161109493711,v7,v7+pd196a96b3700+tde3933158338,group,GM03_multiturn_send_after_confirm,True,wrong_boundary,,send,send,True,True,True,
v7_B_group_openrouter_20260602T161109493711,v7,v7+pd196a96b3700+tde3933158338,group,GM04_multiturn_social_top_limit,True,wrong_arg_value,,social_search,social_search,True,True,True,
v7_B_group_openrouter_20260602T161109493711,v7,v7+pd196a96b3700+tde3933158338,group,GM05_multiturn_query_expand,True,wrong_arg_value,,query_expand,query_expand,True,True,True,
v7_B_group_openrouter_20260602T161109493711,v7,v7+pd196a96b3700+tde3933158338,group,G06_github_search_repo,False,wrong_tool,,github_search,github_search,True,True,True,
v7_B_group_openrouter_20260602T161109493711,v7,v7+pd196a96b3700+tde3933158338,group,G07_hn_search_story,False,wrong_tool,,hn_search,hn_search,True,True,True,
v7_B_group_openrouter_20260602T161109493711,v7,v7+pd196a96b3700+tde3933158338,group,G08_wikipedia_background,False,wrong_tool,,wikipedia_summary,wikipedia_summary,True,True,True,
v7_B_group_openrouter_20260602T161109493711,v7,v7+pd196a96b3700+tde3933158338,group,G09_rss_feed_read,False,wrong_tool,,rss_read,rss_read,True,True,True,
v7_B_group_openrouter_20260602T161109493711,v7,v7+pd196a96b3700+tde3933158338,group,GM07_discord_after_confirm,True,wrong_boundary,,discord_send,discord_send,True,True,True,
v7_B_group_openrouter_20260602T161109493711,v7,v7+pd196a96b3700+tde3933158338,group,G10_format_bullets,False,wrong_tool,,format,format,True,True,True,
v7_B_group_openrouter_20260602T161109493711,v7,v7+pd196a96b3700+tde3933158338,group,G11_email_requires_confirm,False,wrong_boundary,,clarify,clarify,True,True,True,
